MD_Norm,BMK_STAT Norm,HRA_norm,YME_Norm,RHOB_Norm,Vertical_Norm,SMG Norm,PR_DYN,TNPH
0.6975,0.3951788,0.2,0.5960085,0.25689,0.787271,0.3816674,0.2486334,0.0415
0.69755,0.39472,0.4,0.5850381,0.25499,0.7873275,0.3733446,0.2529734,0.0427
0.6976,0.4071591,0.4,0.579255,0.25471,0.787384,0.3667522,0.2628875,0.0398
0.69765,0.4068303,0.4,0.577672,0.25546,0.7874405,0.3656177,0.2633444,0.0356
0.6977,0.420418,0.2,0.5865154,0.25747,0.787497,0.3700015,0.2674871,0.0302
0.69775,0.4550158,0.2,0.6035176,0.25964,0.7875535,0.3773181,0.278939,0.0242
0.6978,0.4732634,0.2,0.6184942,0.26161,0.78761,0.3857016,0.2821882,0.0218
0.69785,0.4652476,0.2,0.6272248,0.2624,0.7876665,0.3932565,0.2753079,0.0213
0.6979,0.4507172,0.2,0.6299562,0.2626,0.787723,0.3975417,0.2670542,0.0232
0.69795,0.442363,0.2,0.6233599,0.26265,0.7877795,0.3939743,0.2651401,0.0238
0.698,0.4350238,0.2,0.6168598,0.26363,0.787836,0.3903202,0.2636682,0.0261
0.69805,0.429975,0.2,0.6150958,0.26416,0.7878925,0.3898493,0.2615769,0.0235
0.6981,0.4238562,0.2,0.6156018,0.26458,0.787949,0.3912992,0.257936,0.0226
0.69815,0.4159952,0.2,0.6166603,0.26409,0.7880055,0.3935357,0.2529377,0.0231
0.6982,0.4136243,0.2,0.6190352,0.26179,0.788062,0.3958009,0.2505646,0.0244
0.69825,0.4212718,0.2,0.625951,0.25858,0.7881185,0.3996502,0.2523566,0.0251
0.6983,0.4397085,0.2,0.6340696,0.2562,0.788175,0.4024853,0.259663,0.027
0.69835,0.4592853,0.2,0.6416628,0.25658,0.7882315,0.4048981,0.2671518,0.0287
0.6984,0.472993,0.2,0.6394654,0.25756,0.788288,0.4011302,0.2746742,0.03
0.69845,0.4686716,0.2,0.6299374,0.25735,0.7883445,0.3947477,0.2759847,0.0324
0.6985,0.4369273,0.2,0.6178976,0.25728,0.788401,0.3907809,0.2643019,0.0374
0.69855,0.3983026,0.4,0.5989678,0.25763,0.7884575,0.3833374,0.2493665,0.0402
0.6986,0.3787116,0.4,0.5783001,0.25868,0.788514,0.3712601,0.2454967,0.0425
0.69865,0.3744784,0.4,0.5632212,0.25993,0.7885705,0.36047,0.2493308,0.0392
0.6987,0.3739402,0.4,0.5677564,0.26131,0.788627,0.3640668,0.2469487,0.0373
0.69875,0.387314,0.4,0.5905656,0.26252,0.7886835,0.3790204,0.2458713,0.0339
0.6988,0.4280409,0.4,0.6046569,0.26184,0.78874,0.3823277,0.2645642,0.0313
0.69885,0.4412126,0.2,0.602918,0.2614,0.7887965,0.3789253,0.2722497,0.028
0.6989,0.4418954,0.2,0.5990816,0.26072,0.788853,0.3759825,0.2740485,0.0246
0.69895,0.441021,0.2,0.5992401,0.26049,0.7889095,0.376232,0.2735406,0.0255
0.699,0.4338306,0.2,0.6102827,0.2607,0.788966,0.3855859,0.2655449,0.0257
0.69905,0.4265672,0.2,0.6200405,0.2604,0.7890225,0.394182,0.2577402,0.0276
0.6991,0.4204846,0.2,0.6197203,0.25952,0.789079,0.3950392,0.2543626,0.0257
0.69915,0.4134601,0.2,0.6171064,0.25965,0.7891355,0.3943538,0.251243,0.0293
0.6992,0.412896,0.4,0.6162262,0.2597,0.789192,0.3937865,0.2512585,0.033
0.69925,0.4104768,0.4,0.6226287,0.26067,0.7892485,0.3991748,0.2471929,0.0419
0.6993,0.3961317,0.4,0.6239228,0.26004,0.789305,0.4031398,0.2374935,0.0433
0.69935,0.3979954,0.4,0.626178,0.25961,0.7893615,0.4045038,0.2377783,0.0428
0.6994,0.4096984,0.4,0.6301144,0.25967,0.789418,0.405119,0.2436675,0.0409
0.69945,0.4149931,0.4,0.6251344,0.25775,0.7894745,0.4002213,0.2489378,0.038
0.6995,0.4250504,0.4,0.6189684,0.25645,0.789531,0.3936394,0.2572961,0.0354
0.69955,0.4273439,0.2,0.6093221,0.25517,0.7895875,0.38595,0.2623608,0.034
0.6996,0.4228,0.4,0.5945372,0.25631,0.789644,0.3756109,0.265635,0.0382
0.69965,0.4222783,0.5,0.5802681,0.2584,0.7897005,0.3650552,0.2709772,0.0434
0.6997,0.4100944,0.5,0.573655,0.25897,0.789757,0.3620676,0.2668606,0.0513
0.69975,0.3909048,0.4,0.5722098,0.25756,0.7898135,0.364269,0.2560319,0.0527
0.6998,0.3777711,0.4,0.5748533,0.25604,0.78987,0.3687847,0.2463838,0.0472
0.69985,0.3754711,0.4,0.5852777,0.25634,0.7899265,0.3773435,0.2402029,0.0403
0.6999,0.38971,0.2,0.6006356,0.25748,0.789983,0.3863342,0.2431271,0.0352
0.69995,0.4055746,0.2,0.610982,0.25893,0.7900395,0.3911653,0.2489232,0.0322
0.7,0.4193996,0.2,0.6173166,0.2601,0.790096,0.3934067,0.2546824,0.0301
0.70005,0.4292746,0.2,0.6230048,0.26178,0.7901525,0.3959477,0.2581173,0.0293
0.7001,0.426996,0.2,0.6238464,0.26205,0.790209,0.3969935,0.256498,0.0283
0.70015,0.4213892,0.2,0.6283235,0.26159,0.7902655,0.4014433,0.2514874,0.0273
0.7002,0.4199592,0.2,0.6382404,0.26169,0.790322,0.4093436,0.2467054,0.0255
0.70025,0.431379,0.2,0.6483138,0.26088,0.7903785,0.414868,0.249519,0.0215
0.7003,0.4457548,0.2,0.6583076,0.26076,0.790435,0.4198049,0.2538602,0.0189
0.70035,0.4480174,0.2,0.6611159,0.25999,0.7904915,0.4215292,0.2540586,0.0199
0.7004,0.4516723,0.2,0.666812,0.26081,0.790548,0.4251987,0.253947,0.0222
0.70045,0.4540792,0.2,0.6688036,0.26019,0.7906045,0.4262738,0.2545202,0.0251
0.7005,0.442844,0.2,0.6623566,0.25806,0.790661,0.4234478,0.2507186,0.029
0.70055,0.4255966,0.2,0.6471244,0.25511,0.7907175,0.4150828,0.2465815,0.0311
0.7006,0.4140651,0.4,0.630529,0.25262,0.790774,0.4045605,0.2462038,0.0343
0.70065,0.4059213,0.4,0.6227253,0.25311,0.7908305,0.4001598,0.2443161,0.0396
0.7007,0.409001,0.4,0.6236074,0.25492,0.790887,0.4002229,0.2458819,0.0476
0.70075,0.4217332,0.4,0.630207,0.25731,0.7909435,0.4028213,0.2509457,0.0491
0.7008,0.4310852,0.2,0.6336575,0.25788,0.791,0.4037136,0.2550147,0.0457
0.70085,0.439654,0.2,0.6411907,0.25784,0.7910565,0.4078896,0.2569335,0.0348
0.7009,0.4530574,0.2,0.6581031,0.25847,0.791113,0.4183257,0.257903,0.0285
0.70095,0.464507,0.2,0.6604306,0.25923,0.7911695,0.418099,0.2630354,0.0258
0.701,0.4716011,0.2,0.6444218,0.26083,0.791226,0.4050073,0.2722575,0.0243
0.70105,0.466231,0.2,0.6318941,0.26126,0.7912825,0.3965557,0.2741126,0.0225
0.7011,0.4546016,0.2,0.6285424,0.26091,0.791339,0.3958657,0.269563,0.023
0.70115,0.4517958,0.2,0.6236888,0.26059,0.7913955,0.3926978,0.2699223,0.0255
0.7012,0.4531408,0.2,0.6191958,0.26182,0.791452,0.3891531,0.2722577,0.0256
0.70125,0.4475482,0.2,0.6153068,0.2631,0.7915085,0.3871342,0.2708602,0.0262
0.7013,0.44171,0.2,0.6155825,0.26365,0.791565,0.3882648,0.2677275,0.0286
0.70135,0.434762,0.2,0.6262036,0.26324,0.7916215,0.3974037,0.2599439,0.0296
0.7014,0.430683,0.2,0.6425258,0.26318,0.791678,0.4105615,0.2513538,0.0323
0.70145,0.4319788,0.2,0.644887,0.26235,0.7917345,0.4121246,0.2511887,0.0367
0.7015,0.4225205,0.2,0.6355416,0.26043,0.791791,0.4067642,0.2493056,0.037
0.70155,0.4192242,0.2,0.6272286,0.25996,0.7918475,0.4010157,0.2506392,0.0356
0.7016,0.4326526,0.2,0.6210894,0.25934,0.791904,0.3939081,0.2607436,0.0349
0.70165,0.4285582,0.2,0.6231916,0.2589,0.7919605,0.3962167,0.2576402,0.0314
0.7017,0.41577,0.2,0.626208,0.25803,0.792017,0.4008962,0.2489766,0.0301
0.70175,0.418717,0.2,0.6307178,0.25894,0.7920735,0.4037924,0.2489483,0.0284
0.7018,0.4278121,0.2,0.6334792,0.26044,0.79213,0.4041812,0.2532098,0.0262
0.70185,0.4238889,0.2,0.632375,0.26137,0.7921865,0.4040731,0.2513599,0.0253
0.7019,0.4074318,0.2,0.6286906,0.261,0.792243,0.404478,0.2428239,0.025
0.70195,0.4066965,0.2,0.6237772,0.26118,0.7922995,0.4008176,0.2443723,0.0237
0.702,0.4120808,0.2,0.6153219,0.26227,0.792356,0.3932482,0.2511322,0.0213
0.70205,0.4262692,0.2,0.6091922,0.26306,0.7924125,0.3860355,0.2618124,0.0199
0.7021,0.4426754,0.2,0.6031904,0.26293,0.792469,0.3789029,0.2728997,0.0195
0.70215,0.4710446,0.2,0.6005698,0.26251,0.7925255,0.3729774,0.2875042,0.0189
0.7022,0.4899802,0.2,0.6037426,0.26191,0.792582,0.3728819,0.2946371,0.0191
0.70225,0.4731756,0.2,0.606562,0.26108,0.7926385,0.3770365,0.2863506,0.02
0.7023,0.4362872,0.2,0.6025952,0.25978,0.792695,0.3794524,0.2698018,0.021
0.70235,0.4084194,0.2,0.6003809,0.25898,0.7927515,0.3825176,0.2549982,0.0212
0.7024,0.394876,0.2,0.6169859,0.25903,0.792808,0.3979844,0.2395866,0.0203
0.70245,0.4033158,0.2,0.6498164,0.25951,0.7928645,0.4219247,0.2314691,0.0194
0.7025,0.427712,0.2,0.6693245,0.2613,0.792921,0.4318851,0.2391842,0.0167
0.70255,0.4367434,0.2,0.6472307,0.26243,0.7929775,0.4130214,0.2530088,0.0168
0.7026,0.450211,0.2,0.6141486,0.26329,0.793034,0.3858639,0.2726441,0.0148
0.70265,0.4487557,0.2,0.6037463,0.26223,0.7930905,0.3783987,0.2757702,0.0155
0.7027,0.4313712,0.2,0.6146841,0.26182,0.793147,0.3893011,0.2625076,0.0164
0.70275,0.4209173,0.2,0.6230832,0.26162,0.7932035,0.3975248,0.2532836,0.0207
0.7028,0.4163784,0.2,0.6284186,0.26153,0.79326,0.4024784,0.2484585,0.0206
0.70285,0.413995,0.2,0.6265714,0.26162,0.7933165,0.4015219,0.247754,0.0213
0.7029,0.4138196,0.2,0.6154264,0.26154,0.793373,0.3929998,0.2521358,0.0226
0.70295,0.4150386,0.2,0.5987582,0.26062,0.7934295,0.3801029,0.2595572,0.0253
0.703,0.4069659,0.2,0.57695,0.25806,0.793486,0.3650525,0.263719,0.0293
0.70305,0.3924754,0.2,0.5625167,0.25612,0.7935425,0.3566523,0.2611245,0.0286
0.7031,0.3809165,0.2,0.5650442,0.25657,0.793599,0.3606441,0.2527698,0.0269
0.70315,0.3767263,0.2,0.5843208,0.25838,0.7936555,0.3763354,0.2414919,0.0235
0.7032,0.3997495,0.2,0.6158062,0.25989,0.793712,0.3960519,0.2432533,0.0201
0.70325,0.4335,0.2,0.6434606,0.26168,0.7937685,0.4107465,0.2526101,0.0176
0.7033,0.4338774,0.2,0.65213,0.2633,0.793825,0.417318,0.2494953,0.0144
0.70335,0.4167316,0.2,0.6459782,0.2635,0.7938815,0.4159938,0.2416489,0.0137
0.7034,0.4090881,0.2,0.6315108,0.26127,0.793938,0.4063279,0.242716,0.015
0.70345,0.4057521,0.2,0.621986,0.26042,0.7939945,0.3996214,0.2445132,0.0159
0.7035,0.408788,0.2,0.6199556,0.26096,0.794051,0.3974466,0.2472384,0.0186
0.70355,0.4153466,0.2,0.6238668,0.26183,0.7941075,0.3991789,0.2496601,0.0183
0.7036,0.4154669,0.2,0.630624,0.26157,0.794164,0.4043564,0.2470218,0.0211
0.70365,0.4148568,0.2,0.6376596,0.26027,0.7942205,0.4099186,0.2438235,0.0238
0.7037,0.4139568,0.2,0.6465684,0.26007,0.794277,0.4170349,0.2396797,0.0263
0.70375,0.4083581,0.2,0.6480104,0.26022,0.7943335,0.4193718,0.2355219,0.0255
0.7038,0.3977676,0.2,0.6407024,0.26053,0.79439,0.4159817,0.2315426,0.0244
0.70385,0.3772522,0.2,0.6264456,0.26084,0.7944465,0.4094854,0.223242,0.0244
0.7039,0.3622292,0.2,0.6109233,0.26071,0.794503,0.4007598,0.2189058,0.0269
0.70395,0.3744472,0.2,0.6067116,0.26029,0.7945595,0.3944225,0.2299523,0.0286
0.704,0.3890854,0.2,0.6076349,0.26011,0.794616,0.3919114,0.2397165,0.0336
0.70405,0.4046072,0.2,0.6116996,0.26023,0.7946725,0.3919057,0.2480274,0.0372
0.7041,0.4247812,0.2,0.6181165,0.26039,0.794729,0.3930412,0.2574765,0.0409
0.70415,0.432242,0.4,0.6248776,0.26012,0.7947855,0.396842,0.2590557,0.0419
0.7042,0.4337202,0.4,0.6331835,0.25858,0.794842,0.4028756,0.256685,0.0433
0.70425,0.4435642,0.4,0.6458481,0.25879,0.7948985,0.4107238,0.2573264,0.0483
0.7043,0.4617757,0.4,0.6510188,0.25873,0.794955,0.4114909,0.2650306,0.0515
0.70435,0.4762201,0.4,0.6414821,0.25888,0.7950115,0.4021365,0.2754952,0.057
0.7044,0.4692309,0.5,0.6169742,0.25718,0.795068,0.3851538,0.2808563,0.0611
0.70445,0.4538218,0.5,0.5912515,0.25408,0.7951245,0.368519,0.2828621,0.0653
0.7045,0.4396162,0.5,0.5704022,0.25194,0.795181,0.3552781,0.2837499,0.0653
0.70455,0.427816,0.5,0.557555,0.2513,0.7952375,0.3475359,0.2827902,0.073
0.7046,0.430165,0.5,0.5619918,0.25382,0.795294,0.350447,0.2822573,0.0789
0.70465,0.4416914,0.4,0.578562,0.25748,0.7953505,0.3609405,0.2816869,0.0875
0.7047,0.4758134,0.4,0.6064186,0.26204,0.795407,0.376586,0.2875853,0.0932
0.70475,0.5151698,0.4,0.6332604,0.26461,0.7954635,0.3909642,0.2951289,0.088
0.7048,0.5270407,0.4,0.6446024,0.26531,0.79552,0.3976512,0.2961566,0.0786
0.70485,0.5257522,0.4,0.6520512,0.26381,0.7955765,0.4031361,0.2932957,0.0725
0.7049,0.5142802,0.4,0.635833,0.26155,0.795633,0.3929127,0.2939408,0.0727
0.70495,0.4459142,0.5,0.5868923,0.25916,0.7956895,0.3664365,0.2806408,0.0764
0.705,0.3881108,0.4,0.553905,0.25731,0.795746,0.3509108,0.2621362,0.0783
0.70505,0.3662211,0.4,0.5690478,0.25766,0.7958025,0.366636,0.2410272,0.0736
0.7051,0.3570072,0.4,0.5923105,0.259,0.795859,0.3870963,0.2234833,0.0626
0.70515,0.3690562,0.4,0.6049206,0.25875,0.7959155,0.3942634,0.2268164,0.0503
0.7052,0.3957728,0.4,0.6103965,0.25709,0.795972,0.392668,0.2429516,0.0414
0.70525,0.4302674,0.2,0.6171862,0.2556,0.7960285,0.391375,0.2609292,0.0335
0.7053,0.435456,0.2,0.6226866,0.25637,0.796085,0.3946303,0.2616726,0.0319
0.70535,0.4314862,0.2,0.6272036,0.25766,0.7961415,0.3987372,0.2577352,0.0279
0.7054,0.4317838,0.2,0.6287531,0.25961,0.796198,0.3998595,0.2573041,0.023
0.70545,0.4119001,0.2,0.6199346,0.26033,0.7962545,0.3968228,0.2491565,0.0196
0.7055,0.3966529,0.2,0.6123537,0.26079,0.796311,0.3940069,0.2426996,0.0163
0.70555,0.4061325,0.2,0.608843,0.26107,0.7963675,0.3894145,0.250146,0.0154
0.7056,0.4195526,0.2,0.6029766,0.26112,0.796424,0.3825041,0.2604684,0.0143
0.70565,0.4375576,0.2,0.6022863,0.26119,0.7964805,0.3790233,0.2705878,0.0156
0.7057,0.449152,0.2,0.6073582,0.26064,0.796537,0.3810036,0.2746278,0.0157
0.70575,0.4571356,0.2,0.6157712,0.26184,0.7965935,0.3860181,0.2754965,0.0157
0.7058,0.451623,0.2,0.6217459,0.26371,0.79665,0.3912806,0.2705513,0.0161
0.70585,0.4401768,0.2,0.6234152,0.2643,0.7967065,0.3943793,0.2639527,0.0183
0.7059,0.4258494,0.2,0.6264757,0.26387,0.796763,0.399202,0.2548133,0.0205
0.70595,0.412966,0.2,0.6188122,0.26221,0.7968195,0.3957557,0.250257,0.0219
0.706,0.4059227,0.2,0.6158785,0.26258,0.796876,0.3948677,0.2471281,0.0222
0.70605,0.3960019,0.2,0.6180178,0.26341,0.7969325,0.3985516,0.2398927,0.022
0.7061,0.3942296,0.2,0.628927,0.26383,0.796989,0.4074868,0.2341113,0.0224
0.70615,0.4046448,0.2,0.6424895,0.26336,0.7970455,0.4158502,0.235369,0.022
0.7062,0.424502,0.2,0.655388,0.26223,0.797102,0.4217021,0.2426834,0.0218
0.70625,0.4427918,0.2,0.6647696,0.26189,0.7971585,0.4253092,0.2497811,0.0193
0.7063,0.4448964,0.2,0.6685578,0.26163,0.797215,0.4278136,0.2495454,0.0168
0.70635,0.440311,0.2,0.671672,0.26311,0.7972715,0.4311128,0.2457586,0.0119
0.7064,0.4386179,0.2,0.6729664,0.26474,0.797328,0.4324549,0.2442854,0.0114
0.70645,0.4450664,0.2,0.6793508,0.26558,0.7973845,0.4360972,0.2455994,0.0116
0.7065,0.4362128,0.2,0.685102,0.26537,0.797441,0.4424033,0.2382387,0.0122
0.70655,0.3971617,0.2,0.6769015,0.26471,0.7974975,0.4451231,0.2159422,0.0125
0.7066,0.3701166,0.2,0.6625654,0.26408,0.797554,0.4408812,0.2016411,0.0145
0.70665,0.3646053,0.2,0.65334,0.26238,0.7976105,0.4348484,0.2013483,0.017
0.7067,0.3699261,0.2,0.6468017,0.26028,0.797667,0.4279175,0.2085896,0.0184
0.70675,0.367734,0.2,0.6328402,0.25791,0.7977235,0.4170965,0.2131802,0.0184
0.7068,0.3911323,0.2,0.6394204,0.25797,0.79778,0.4165051,0.2275345,0.017
0.70685,0.399772,0.2,0.6499196,0.2601,0.7978365,0.4228236,0.2290457,0.0172
0.7069,0.40281,0.2,0.6491904,0.26181,0.797893,0.421545,0.2313908,0.0162
0.70695,0.4032455,0.2,0.643792,0.26162,0.7979495,0.4171852,0.2339123,0.0159
0.707,0.4063224,0.2,0.6330359,0.25965,0.798006,0.4080894,0.2403394,0.0146
0.70705,0.4207683,0.2,0.6345824,0.25923,0.7980625,0.4063664,0.2486414,0.0144
0.7071,0.4370572,0.3,0.6384562,0.25915,0.798119,0.4062797,0.2565322,0.0123
0.70715,0.4408604,0.2,0.6411738,0.25961,0.7981755,0.407661,0.2576051,0.0132
0.7072,0.425342,0.2,0.6453084,0.26062,0.798232,0.4137323,0.2471413,0.0139
0.70725,0.4124943,0.2,0.652374,0.26299,0.7982885,0.4218922,0.2364109,0.0163
0.7073,0.4117854,0.2,0.659462,0.26483,0.798345,0.4276249,0.2330884,0.0158
0.70735,0.4081128,0.2,0.6588985,0.26399,0.7984015,0.4280135,0.2309165,0.0189
0.7074,0.4136034,0.2,0.6522376,0.26083,0.798458,0.4215444,0.2371726,0.0179
0.70745,0.422774,0.2,0.6447726,0.25754,0.7985145,0.4138281,0.2458167,0.0176
0.7075,0.4279308,0.2,0.6407705,0.25735,0.798571,0.4097394,0.2504385,0.0157
0.70755,0.4336246,0.2,0.6287806,0.2579,0.7986275,0.399553,0.2583238,0.0153
0.7076,0.4412344,0.2,0.6205054,0.25901,0.798684,0.3920222,0.2656177,0.0141
0.70765,0.4396157,0.2,0.6238959,0.25961,0.7987405,0.3948345,0.2634692,0.0132
0.7077,0.4388701,0.2,0.6313576,0.26137,0.798797,0.4005823,0.2602338,0.0114
0.70775,0.4441922,0.2,0.6332492,0.26283,0.7988535,0.4010942,0.2623967,0.0081
0.7078,0.4403918,0.2,0.6345054,0.26269,0.79891,0.4026956,0.2598709,0.0073
0.70785,0.429016,0.2,0.6355046,0.26078,0.7989665,0.405504,0.2531155,0.0076
0.7079,0.4249164,0.2,0.6339732,0.2598,0.799023,0.405103,0.251334,0.0106
0.70795,0.4317762,0.2,0.6391622,0.26059,0.7990795,0.4077838,0.2532819,0.0108
0.708,0.4307536,0.2,0.657803,0.26227,0.799136,0.4223042,0.2454837,0.0125
0.70805,0.4250775,0.2,0.6729407,0.26205,0.7991925,0.4352848,0.2361497,0.0156
0.7081,0.4288332,0.2,0.6724386,0.26013,0.799249,0.4340798,0.2386558,0.0176
0.70815,0.433239,0.2,0.6651161,0.2591,0.7993055,0.4274636,0.2441304,0.0174
0.7082,0.4267866,0.2,0.6553298,0.25903,0.799362,0.4211897,0.2440839,0.0184
0.70825,0.4216742,0.2,0.6451264,0.25901,0.7994185,0.4143221,0.245014,0.0198
0.7083,0.4180624,0.2,0.6346618,0.25753,0.799475,0.4069581,0.2469827,0.0185
0.70835,0.4211004,0.2,0.6361118,0.25929,0.7995315,0.4074786,0.2482344,0.0158
0.7084,0.4193305,0.2,0.639009,0.26112,0.799588,0.4100622,0.24602,0.0141
0.70845,0.4093678,0.2,0.63983,0.26239,0.7996445,0.412747,0.2395049,0.0141
0.7085,0.4136584,0.2,0.6394298,0.262,0.799701,0.4115383,0.242368,0.0138
0.70855,0.424431,0.2,0.6406223,0.26241,0.7997575,0.410301,0.2484387,0.0125
0.7086,0.4204321,0.2,0.6416428,0.26249,0.799814,0.4118774,0.2456415,0.0125
0.70865,0.4146837,0.2,0.6451177,0.2615,0.7998705,0.415751,0.2407189,0.0126
0.7087,0.4204987,0.2,0.6501309,0.26083,0.799927,0.4184426,0.2423175,0.0141
0.70875,0.4245842,0.2,0.6530499,0.26103,0.7999835,0.4198705,0.2436513,0.0157
0.7088,0.421054,0.2,0.6480186,0.25928,0.80004,0.4166885,0.2434935,0.0166
0.70885,0.4201751,0.2,0.6412226,0.25747,0.8000965,0.4116039,0.2456526,0.0165
0.7089,0.4200976,0.2,0.6355854,0.25655,0.800153,0.4072695,0.2478422,0.0163
0.70895,0.4283414,0.2,0.6354122,0.25816,0.8002095,0.4055592,0.2527626,0.016
0.709,0.4368555,0.2,0.633301,0.25973,0.800266,0.4024054,0.2583865,0.0159
0.70905,0.4420716,0.2,0.6305978,0.26006,0.8003225,0.3994593,0.2622564,0.0138
0.7091,0.4496542,0.2,0.6317596,0.26025,0.800379,0.3990641,0.2658349,0.0128
0.70915,0.4665248,0.2,0.634269,0.25973,0.8004355,0.3982667,0.2734065,0.0121
0.7092,0.4885952,0.2,0.6388158,0.25982,0.800492,0.3984047,0.282091,0.013
0.70925,0.4857426,0.2,0.6394404,0.25993,0.8005485,0.3992596,0.2805969,0.012
0.7093,0.4657341,0.2,0.6412945,0.2614,0.800605,0.4035971,0.2705075,0.0123
0.70935,0.4506557,0.2,0.6437026,0.26189,0.8006615,0.4078633,0.2619385,0.0107
0.7094,0.4405222,0.2,0.6452653,0.26106,0.800718,0.4108288,0.2558711,0.0116
0.70945,0.4313541,0.2,0.6446738,0.25958,0.8007745,0.4120796,0.2509109,0.0126
0.7095,0.4312722,0.2,0.6459763,0.25931,0.800831,0.4130943,0.2503601,0.016
0.70955,0.4372028,0.2,0.6454292,0.2588,0.8008875,0.4115611,0.253955,0.0158
0.7096,0.4446784,0.2,0.6431617,0.25822,0.800944,0.4084908,0.2589413,0.0147
0.70965,0.4493266,0.2,0.6379597,0.25702,0.8010005,0.4037683,0.2633645,0.0137
0.7097,0.4514406,0.2,0.638233,0.25782,0.801057,0.4036197,0.2643716,0.0141
0.70975,0.4492477,0.2,0.6376402,0.25777,0.8011135,0.4035413,0.2634416,0.0129
0.7098,0.4519713,0.2,0.6410206,0.2591,0.80117,0.4056235,0.2636204,0.0133
0.70985,0.4539884,0.2,0.6453172,0.26004,0.8012265,0.4085126,0.2630934,0.0117
0.7099,0.4542825,0.2,0.653215,0.26078,0.801283,0.4144127,0.2603491,0.0116
0.70995,0.4580786,0.2,0.6613886,0.26069,0.8013395,0.4199272,0.2593614,0.0128
0.71,0.4651708,0.2,0.6662529,0.26043,0.801396,0.4223695,0.2612874,0.0132
0.71005,0.4727466,0.2,0.6706896,0.26162,0.8014525,0.4244215,0.2635486,0.0136
0.7101,0.4747909,0.2,0.6727194,0.26271,0.801509,0.4256029,0.2638541,0.0145
0.71015,0.4629624,0.2,0.6699386,0.26323,0.8015655,0.4255378,0.2588219,0.0146
0.7102,0.4463982,0.2,0.6574703,0.26166,0.801622,0.4190477,0.2545277,0.0164
0.71025,0.4395846,0.2,0.6427359,0.26021,0.8016785,0.4090755,0.2563094,0.0165
0.7103,0.4333756,0.2,0.6263869,0.25777,0.801735,0.3977846,0.2591055,0.0194
0.71035,0.429476,0.2,0.6209142,0.25777,0.8017915,0.3943294,0.2590419,0.0202
0.7104,0.4182002,0.2,0.6144053,0.25618,0.801848,0.3914089,0.2551391,0.0198
0.71045,0.4132952,0.2,0.6162094,0.25758,0.8019045,0.393698,0.2515055,0.0172
0.7105,0.4131369,0.2,0.6193367,0.25844,0.801961,0.3961255,0.2501487,0.0158
0.71055,0.4178752,0.2,0.6288719,0.26151,0.8020175,0.4025362,0.2491789,0.0145
0.7106,0.4225699,0.2,0.6340677,0.26187,0.802074,0.4056226,0.2499162,0.0154
0.71065,0.4388082,0.2,0.6459382,0.26328,0.8021305,0.4116534,0.254662,0.0165
0.7107,0.4634706,0.2,0.655932,0.26315,0.802187,0.4148941,0.264123,0.0166
0.71075,0.4777862,0.2,0.6646564,0.26407,0.8022435,0.4190782,0.2681472,0.0154
0.7108,0.4720866,0.2,0.6626974,0.26239,0.8023,0.4185387,0.2660396,0.0141
0.71085,0.4748365,0.2,0.6616062,0.26125,0.8023565,0.4172768,0.2677775,0.0164
0.7109,0.4800082,0.2,0.6593294,0.25968,0.802413,0.4147637,0.27107,0.0201
0.71095,0.4760366,0.2,0.6583395,0.25949,0.8024695,0.4146506,0.2695068,0.023
0.711,0.4800139,0.2,0.6555112,0.25837,0.802526,0.4119309,0.2723986,0.0246
0.71105,0.492676,0.2,0.6512396,0.2574,0.8025825,0.4069139,0.2796931,0.0261
0.7111,0.4939454,0.2,0.6412201,0.25586,0.802639,0.3994215,0.28364,0.0267
0.71115,0.4987917,0.2,0.6365608,0.25632,0.8026955,0.3953921,0.2872991,0.0204
0.7112,0.503261,0.2,0.6344466,0.25716,0.802752,0.3932881,0.2898881,0.0161
0.71125,0.5037674,0.3,0.6355754,0.25751,0.8028085,0.3940374,0.2897259,0.0123
0.7113,0.4991002,0.3,0.6344886,0.25697,0.802865,0.393853,0.2881225,0.0126
0.71135,0.4911124,0.3,0.6297918,0.25636,0.8029215,0.3915005,0.2862703,0.0129
0.7114,0.4801282,0.3,0.6363488,0.25854,0.802978,0.3977928,0.2791045,0.0172
0.71145,0.4750909,0.2,0.6466028,0.26188,0.8030345,0.4060882,0.2731653,0.0212
0.7115,0.475047,0.2,0.6558745,0.26407,0.803091,0.4129731,0.2698914,0.0218
0.71155,0.4798242,0.2,0.6773498,0.26462,0.8031475,0.4282379,0.264723,0.0215
0.7116,0.478217,0.2,0.7032456,0.26362,0.803204,0.4480877,0.2549072,0.0199
0.71165,0.4543252,0.2,0.714392,0.2628,0.8032605,0.4614327,0.2379293,0.0194
0.7117,0.4455656,0.2,0.6971081,0.2606,0.803317,0.4497916,0.2392423,0.0195
0.71175,0.461587,0.2,0.6644276,0.25859,0.8033735,0.4216119,0.2600929,0.02
0.7118,0.4809874,0.2,0.6386482,0.25687,0.80343,0.3993555,0.2787025,0.0211
0.71185,0.5026457,0.2,0.6354434,0.25619,0.8034865,0.3940853,0.2893005,0.0201
0.7119,0.5083516,0.2,0.639835,0.25609,0.803543,0.3965243,0.2902256,0.0211
0.71195,0.5090048,0.2,0.6406166,0.25704,0.8035995,0.3970048,0.2902388,0.0242
0.712,0.5067488,0.3,0.6349994,0.25777,0.803656,0.393245,0.2911525,0.028
0.71205,0.4880746,0.3,0.6122159,0.25722,0.8037125,0.3791975,0.2909419,0.0275
0.7121,0.4737668,0.3,0.5893618,0.25682,0.803769,0.3645545,0.2926681,0.0262
0.71215,0.4815962,0.3,0.5777382,0.25677,0.8038255,0.3553325,0.3000613,0.0249
0.7122,0.4857105,0.3,0.6044392,0.25724,0.803882,0.3739026,0.2925928,0.0244
0.71225,0.4950164,0.3,0.64842,0.25802,0.8039385,0.4045229,0.281684,0.0216
0.7123,0.5263639,0.3,0.6691056,0.25926,0.803995,0.4153372,0.2881358,0.0188
0.71235,0.5419475,0.3,0.6727056,0.25974,0.8040515,0.4159619,0.2931209,0.0165
0.7124,0.5266845,0.3,0.6563628,0.25839,0.804108,0.4061151,0.2922973,0.0162
0.71245,0.5059276,0.3,0.6415602,0.25642,0.8041645,0.3980792,0.2886521,0.0146
0.7125,0.509523,0.3,0.6383205,0.25637,0.804221,0.3952865,0.2912032,0.0145
0.71255,0.5091926,0.3,0.6374626,0.25659,0.8042775,0.3947107,0.2913485,0.0141
0.7126,0.4866316,0.3,0.6369336,0.2573,0.804334,0.3973034,0.2818564,0.0127
0.71265,0.4594888,0.3,0.6381916,0.25804,0.8043905,0.4022755,0.2685138,0.0111
0.7127,0.4562536,0.3,0.647,0.25956,0.804447,0.4093959,0.2636548,0.0101
0.71275,0.4636672,0.3,0.6551384,0.26096,0.8045035,0.4142658,0.2645083,0.0095
0.7128,0.460322,0.3,0.656219,0.26251,0.80456,0.4156402,0.2624058,0.0103
0.71285,0.4679822,0.3,0.6559783,0.26356,0.8046165,0.4141837,0.2663805,0.0102
0.7129,0.4842648,0.3,0.6596089,0.26504,0.804673,0.414315,0.272986,0.0099
0.71295,0.4838864,0.3,0.6574966,0.2643,0.8047295,0.4128096,0.2735362,0.0103
0.713,0.4859207,0.3,0.6567468,0.26384,0.804786,0.4119492,0.2747414,0.0144
0.71305,0.5019998,0.3,0.6542512,0.26231,0.8048425,0.4078104,0.282785,0.0182
0.7131,0.5089444,0.3,0.646297,0.25979,0.804899,0.4011113,0.2883537,0.0207
0.71315,0.49517,0.3,0.6340708,0.25699,0.8049555,0.3940653,0.2865814,0.0219
0.7132,0.4852676,0.3,0.6209836,0.25426,0.805012,0.3858898,0.2867213,0.0243
0.71325,0.4862854,0.3,0.6132962,0.25352,0.8050685,0.3802023,0.2898023,0.0238
0.7133,0.4786158,0.3,0.6119842,0.25355,0.805125,0.3802473,0.2868909,0.0218
0.71335,0.463416,0.3,0.6175607,0.25417,0.8051815,0.3864131,0.2778955,0.0179
0.7134,0.4591796,0.3,0.6284604,0.25589,0.805238,0.3950898,0.2718902,0.0184
0.71345,0.4623252,0.3,0.6387795,0.2574,0.8052945,0.4022629,0.2697221,0.019
0.7135,0.4640658,0.3,0.6453278,0.25809,0.805351,0.4068634,0.2682341,0.0192
0.71355,0.4609975,0.3,0.6485144,0.25856,0.8054075,0.409743,0.2655394,0.0175
0.7136,0.4532952,0.3,0.6493999,0.25889,0.805464,0.4117043,0.2612301,0.0172
0.71365,0.4427252,0.3,0.6499114,0.2594,0.8055205,0.413963,0.2553368,0.0171
0.7137,0.4409876,0.3,0.6509082,0.25962,0.805577,0.415041,0.2539962,0.0181
0.71375,0.4452595,0.3,0.655054,0.26063,0.8056335,0.4174155,0.2548045,0.0167
0.7138,0.4605312,0.3,0.6628737,0.26112,0.80569,0.4206217,0.2601053,0.0168
0.71385,0.4845049,0.3,0.671141,0.26146,0.8057465,0.4228385,0.2691317,0.0161
0.7139,0.5000379,0.3,0.6679256,0.26001,0.805803,0.4180974,0.277375,0.0163
0.71395,0.5089892,0.3,0.6585871,0.25781,0.8058595,0.4100134,0.2843481,0.0156
0.714,0.5112009,0.3,0.6482787,0.25472,0.805916,0.4022511,0.2886419,0.0163
0.71405,0.5135764,0.3,0.6451708,0.25355,0.8059725,0.3997064,0.2906282,0.0173
0.7141,0.5064638,0.3,0.6487114,0.25531,0.806029,0.4031828,0.2865225,0.0194
0.71415,0.4957992,0.2,0.6585796,0.25869,0.8060855,0.4118478,0.2786134,0.0253
0.7142,0.491205,0.2,0.673124,0.26155,0.806142,0.4232623,0.2716079,0.0291
0.71425,0.4923722,0.2,0.6852564,0.26266,0.8061985,0.4321025,0.2680426,0.0331
0.7143,0.4942086,0.2,0.6920655,0.26358,0.806255,0.4368905,0.2666081,0.0292
0.71435,0.4893572,0.2,0.6921456,0.26353,0.8063115,0.43775,0.2642671,0.0229
0.7144,0.4839444,0.2,0.6910224,0.26414,0.806368,0.4378187,0.2620173,0.0194
0.71445,0.4705952,0.2,0.6824387,0.26417,0.8064245,0.4336555,0.2583065,0.0215
0.7145,0.4464479,0.2,0.673733,0.26398,0.806481,0.4314918,0.2484839,0.0231
0.71455,0.4315156,0.2,0.6692582,0.26325,0.8065375,0.4310341,0.2415087,0.0226
0.7146,0.4278841,0.2,0.6624322,0.26181,0.806594,0.426478,0.2419737,0.024
0.71465,0.4216853,0.2,0.6551866,0.26036,0.8066505,0.4221291,0.2410444,0.024
0.7147,0.4184966,0.2,0.6482074,0.25833,0.806707,0.4173614,0.2418507,0.0249
0.71475,0.418542,0.2,0.6402234,0.25674,0.8067635,0.4111585,0.2450582,0.0268
0.7148,0.417737,0.2,0.6355153,0.25636,0.80682,0.4076808,0.2464453,0.0302
0.71485,0.4169848,0.2,0.6347493,0.25698,0.8068765,0.4072392,0.2462938,0.0287
0.7149,0.4223876,0.3,0.635753,0.25773,0.806933,0.4069524,0.2491432,0.024
0.71495,0.4370054,0.3,0.6387194,0.25873,0.8069895,0.4064888,0.256403,0.0192
0.715,0.4477393,0.2,0.6441948,0.26044,0.807046,0.4087366,0.2602048,0.0174
0.71505,0.4527578,0.2,0.6577304,0.26248,0.8071025,0.4180962,0.25788,0.016
0.7151,0.4553916,0.2,0.6765332,0.26428,0.807159,0.4319308,0.2523987,0.0154
0.71515,0.4470638,0.2,0.6853208,0.2641,0.8072155,0.4403145,0.2445104,0.0138
0.7152,0.4405061,0.2,0.6873912,0.26396,0.807272,0.4432784,0.2399237,0.0136
0.71525,0.4330585,0.2,0.6763712,0.2624,0.8073285,0.4362535,0.2396921,0.0119
0.7153,0.4253566,0.2,0.6585314,0.26148,0.807385,0.4239682,0.2419689,0.0147
0.71535,0.4288042,0.2,0.6435032,0.2601,0.8074415,0.4116691,0.2498847,0.016
0.7154,0.4191264,0.2,0.6339388,0.2587,0.807498,0.4061916,0.2479126,0.0169
0.71545,0.397511,0.2,0.6277926,0.25735,0.8075545,0.4058733,0.236782,0.015
0.7155,0.3847666,0.2,0.6246615,0.25588,0.807611,0.4062676,0.2294198,0.0157
0.71555,0.383938,0.2,0.6303076,0.25605,0.8076675,0.4109543,0.2263847,0.0143
0.7156,0.4005737,0.2,0.6444218,0.25674,0.807724,0.4182836,0.2318756,0.0132
0.71565,0.4255622,0.2,0.6635209,0.25803,0.8077805,0.4278108,0.2401395,0.0109
0.7157,0.4506138,0.2,0.6806734,0.25904,0.807837,0.436021,0.2482422,0.0103
0.71575,0.4669694,0.2,0.6873781,0.26119,0.8078935,0.4380611,0.2546671,0.0083
0.7158,0.4585094,0.2,0.6773261,0.2622,0.80795,0.4319554,0.2537943,0.0083
0.71585,0.443521,0.2,0.6720108,0.26286,0.8080065,0.4307383,0.2474712,0.0086
0.7159,0.4329141,0.2,0.6742432,0.26335,0.808063,0.4346244,0.2404244,0.0122
0.71595,0.424622,0.2,0.6779952,0.26384,0.8081195,0.4393599,0.2338828,0.0127
0.716,0.4073897,0.2,0.6772379,0.26367,0.808176,0.4427972,0.2229362,0.0145
0.71605,0.3938539,0.2,0.6673166,0.26178,0.8082325,0.4382181,0.2176125,0.0139
0.7161,0.4064016,0.2,0.6625285,0.26088,0.808289,0.4312903,0.2282948,0.0155
0.71615,0.429263,0.2,0.666126,0.26176,0.8083455,0.4290654,0.2413683,0.0171
0.7162,0.4367223,0.2,0.6709934,0.26239,0.808402,0.4313113,0.2439281,0.0166
0.71625,0.436633,0.2,0.6760173,0.26338,0.8084585,0.4352295,0.2419583,0.0164
0.7163,0.4334121,0.2,0.6722716,0.26245,0.808515,0.4329847,0.2414809,0.0157
0.71635,0.4276854,0.2,0.6722004,0.26176,0.8085715,0.4341395,0.2380471,0.0146
0.7164,0.4248218,0.2,0.6765294,0.26122,0.808628,0.4381612,0.2345831,0.0137
0.71645,0.425264,0.2,0.6749836,0.2615,0.8086845,0.4368481,0.2354649,0.0122
0.7165,0.4285471,0.2,0.6688762,0.26245,0.808741,0.4313584,0.2398667,0.0112
0.71655,0.42894,0.2,0.6631019,0.26176,0.8087975,0.4267803,0.2423487,0.011
0.7166,0.4219562,0.2,0.6618506,0.26011,0.808854,0.4272717,0.2385785,0.0126
0.71665,0.4111856,0.2,0.6691556,0.25879,0.8089105,0.4354357,0.2287699,0.0152
0.7167,0.4040941,0.2,0.6790576,0.25827,0.808967,0.4450828,0.2199259,0.0164
0.71675,0.4183095,0.2,0.680462,0.25896,0.8090235,0.4427519,0.2288842,0.016
0.7168,0.4406738,0.2,0.6735354,0.26041,0.80908,0.4324809,0.2452631,0.0165
0.71685,0.4477524,0.2,0.6650086,0.25988,0.8091365,0.4245507,0.2524642,0.0166
0.7169,0.4506342,0.2,0.6563384,0.25826,0.809193,0.4174192,0.2572539,0.0159
0.71695,0.4456052,0.2,0.6412388,0.25548,0.8092495,0.4068753,0.2601617,0.0146
0.717,0.437544,0.2,0.6372831,0.25556,0.809306,0.4053019,0.2572498,0.0148
0.71705,0.4271564,0.2,0.6450796,0.25767,0.8093625,0.4131999,0.2483047,0.0128
0.7171,0.4108751,0.2,0.6542549,0.26014,0.809419,0.4237259,0.2346092,0.0114
0.71715,0.4053085,0.2,0.6596264,0.26183,0.8094755,0.4292398,0.2287555,0.0096
0.7172,0.4059018,0.2,0.6617962,0.26326,0.809532,0.4308254,0.2282609,0.0102
0.71725,0.4073894,0.2,0.6642382,0.26453,0.8095885,0.4324174,0.2282542,0.0104
0.7173,0.414986,0.2,0.6665593,0.26405,0.809645,0.4325052,0.2322964,0.0095
0.71735,0.4276938,0.2,0.6699029,0.26274,0.8097015,0.4323411,0.2389476,0.0106
0.7174,0.4471008,0.2,0.6718589,0.26135,0.809758,0.4299246,0.2495497,0.0136
0.71745,0.4620562,0.2,0.6690306,0.26092,0.8098145,0.4250105,0.2586763,0.0165
0.7175,0.4608412,0.2,0.658836,0.2601,0.809871,0.417522,0.2617271,0.0171
0.71755,0.4535559,0.2,0.6463427,0.25855,0.8099275,0.4093569,0.2624907,0.0155
0.7176,0.4435644,0.2,0.639952,0.2586,0.809984,0.4062583,0.2595419,0.0144
0.71765,0.4258656,0.2,0.6374757,0.25927,0.8100405,0.4076066,0.2505178,0.0171
0.7177,0.412114,0.2,0.637188,0.25959,0.810097,0.4101149,0.2423092,0.0159
0.71775,0.4051137,0.2,0.6347536,0.25885,0.8101535,0.4096862,0.2388578,0.0133
0.7178,0.4060421,0.2,0.6328033,0.25854,0.81021,0.4079672,0.2402554,0.0103
0.71785,0.4123353,0.2,0.6343991,0.25915,0.8102665,0.4079042,0.2435748,0.0073
0.7179,0.4274784,0.2,0.6417541,0.26021,0.810323,0.4105811,0.2497908,0.0071
0.71795,0.4390394,0.2,0.6487965,0.2597,0.8103795,0.4137903,0.2537061,0.0078
0.718,0.4437534,0.2,0.657813,0.26015,0.810436,0.4197988,0.252936,0.0106
0.71805,0.4473191,0.2,0.6616336,0.26021,0.8104925,0.4220534,0.2534817,0.0138
0.7181,0.4509444,0.2,0.665273,0.26076,0.810549,0.4241592,0.2541186,0.0154
0.71815,0.4443225,0.2,0.6645152,0.25932,0.8106055,0.4248212,0.2507383,0.0157
0.7182,0.4356474,0.2,0.6618788,0.25858,0.810662,0.4244781,0.2467833,0.0173
0.71825,0.4402441,0.2,0.6616224,0.25929,0.8107185,0.4233826,0.2495245,0.0191
0.7183,0.452377,0.2,0.6620132,0.25992,0.810775,0.4214157,0.2560983,0.0181
0.71835,0.4526672,0.2,0.659622,0.25951,0.8108315,0.419547,0.2571351,0.0152
0.7184,0.413461,0.2,0.6514822,0.25904,0.810888,0.420983,0.2373868,0.0132
0.71845,0.3683064,0.2,0.6444424,0.26008,0.8109445,0.426432,0.2083757,0.0116
0.7185,0.3608023,0.2,0.6485038,0.26176,0.811001,0.4319582,0.2004344,0.0106
0.71855,0.4015182,0.2,0.6624634,0.26231,0.8110575,0.4324015,0.2250173,0.009
0.7186,0.4552755,0.2,0.6685222,0.26167,0.811114,0.4258406,0.2552682,0.0094
0.71865,0.4700066,0.2,0.6624841,0.26143,0.8111705,0.4187214,0.2650798,0.0106
0.7187,0.4555262,0.2,0.6589692,0.26132,0.811227,0.4185452,0.258898,0.0117
0.71875,0.4390798,0.2,0.6642469,0.26126,0.8112835,0.4256279,0.2478639,0.0126
0.7188,0.4346384,0.2,0.6713693,0.26096,0.81134,0.4320292,0.2425563,0.0127
0.71885,0.4340303,0.2,0.6767002,0.26015,0.8113965,0.4363051,0.2401486,0.014
0.7189,0.436601,0.2,0.6814894,0.25913,0.811453,0.4394987,0.2398503,0.0153
0.71895,0.4476684,0.2,0.6806352,0.25815,0.8115095,0.436571,0.2466,0.0172
0.719,0.4576301,0.2,0.6755152,0.25821,0.811566,0.4307369,0.2539805,0.0194
0.71905,0.4649607,0.2,0.6715225,0.25928,0.8116225,0.4263855,0.2592905,0.0197
0.7191,0.4709119,0.2,0.6692407,0.26037,0.811679,0.4236413,0.2631403,0.0204
0.71915,0.4725062,0.2,0.6703231,0.26164,0.8117355,0.4241867,0.2635575,0.0153
0.7192,0.4672403,0.2,0.6683371,0.26219,0.811792,0.4235856,0.2616012,0.0126
0.71925,0.4723734,0.2,0.6663298,0.26163,0.8118485,0.421212,0.2649,0.0094
0.7193,0.4695644,0.2,0.664816,0.2603,0.811905,0.4205441,0.2640309,0.0074
0.71935,0.458049,0.2,0.6644614,0.25952,0.8119615,0.4222582,0.2582277,0.0066
0.7194,0.4528432,0.2,0.668434,0.25941,0.812018,0.4262197,0.2539862,0.0068
0.71945,0.44238,0.2,0.6703544,0.25943,0.8120745,0.4296857,0.2474441,0.0089
0.7195,0.4289559,0.2,0.676093,0.26007,0.812131,0.4369134,0.2373105,0.0102
0.71955,0.4239642,0.2,0.688453,0.26169,0.8121875,0.4477785,0.2293588,0.0108
0.7196,0.4169927,0.2,0.7021106,0.26337,0.812244,0.4604005,0.2193753,0.0132
0.71965,0.4155671,0.2,0.7047057,0.26328,0.8123005,0.4628629,0.2173718,0.0162
0.7197,0.4144216,0.2,0.6793746,0.25924,0.812357,0.4428035,0.2267779,0.0175
0.71975,0.4141108,0.3,0.6408518,0.25403,0.8124135,0.41255,0.2420772,0.0181
0.7198,0.4208782,0.3,0.6185426,0.25195,0.81247,0.3940698,0.2550588,0.0151
0.71985,0.4187338,0.2,0.614509,0.25428,0.8125265,0.3913905,0.2554098,0.0121
0.7199,0.4152198,0.2,0.618562,0.25793,0.812583,0.3951355,0.251713,0.0116
0.71995,0.4061534,0.2,0.6195423,0.26028,0.8126395,0.3976503,0.2457684,0.01
0.72,0.3949303,0.2,0.6350932,0.26109,0.812696,0.4121935,0.2319808,0.0108
0.72005,0.3960236,0.2,0.6418048,0.26197,0.8127525,0.4172556,0.2298962,0.0102
0.7201,0.4075945,0.2,0.6467773,0.26182,0.812809,0.4185708,0.2355307,0.0091
0.72015,0.4277496,0.2,0.6506243,0.26158,0.8128655,0.4173574,0.2464932,0.0095
0.7202,0.444063,0.2,0.6519456,0.26165,0.812922,0.4152674,0.2553104,0.0124
0.72025,0.45638,0.2,0.6514066,0.26265,0.8129785,0.4126885,0.2621109,0.0138
0.7203,0.4572248,0.2,0.6507074,0.26341,0.813035,0.412019,0.2628053,0.0159
0.72035,0.4477394,0.2,0.6440234,0.2628,0.8130915,0.4086073,0.2602685,0.017
0.7204,0.4330595,0.2,0.6453254,0.26155,0.813148,0.4122555,0.2516411,0.0183
0.72045,0.418457,0.2,0.6491623,0.25905,0.8132045,0.4181125,0.241446,0.0197
0.7205,0.4160439,0.2,0.6513953,0.25928,0.813261,0.4203614,0.2390518,0.0184
0.72055,0.4046789,0.2,0.6527816,0.2595,0.8133175,0.4239588,0.2311525,0.0176
0.7206,0.4013306,0.2,0.6585508,0.26107,0.813374,0.4293235,0.2265135,0.0178
0.72065,0.4203014,0.2,0.6562272,0.26071,0.8134305,0.4232312,0.2397791,0.0177
0.7207,0.4554032,0.4,0.6415352,0.26076,0.813487,0.405438,0.2652134,0.0201
0.72075,0.4634234,0.4,0.60659,0.26162,0.8135435,0.3783795,0.2818446,0.0245
0.7208,0.430962,0.4,0.569353,0.26269,0.8136,0.3557154,0.2798131,0.0306
0.72085,0.4025107,0.2,0.5405314,0.26324,0.8136565,0.338669,0.2761834,0.0337
0.7209,0.3970192,0.4,0.5239554,0.26264,0.813713,0.3272928,0.2800461,0.0385
0.72095,0.4029074,0.4,0.5199048,0.26082,0.8137695,0.3235265,0.2849362,0.0423
0.721,0.4152807,0.4,0.5218618,0.25893,0.813826,0.3233296,0.2905586,0.0454
0.72105,0.4368677,0.4,0.5321094,0.25841,0.8138825,0.3280418,0.2969983,0.0465
0.7211,0.4397832,0.4,0.5420922,0.25815,0.813939,0.3348253,0.2945608,0.0498
0.72115,0.4391799,0.4,0.5569553,0.25776,0.8139955,0.3455866,0.2886381,0.0536
0.7212,0.4371968,0.4,0.5771311,0.25805,0.814052,0.3605257,0.2799881,0.0528
0.72125,0.4478726,0.2,0.5990971,0.25905,0.8141085,0.3751062,0.2770582,0.0479
0.7213,0.4644268,0.2,0.6212593,0.2603,0.814165,0.3889843,0.2770516,0.0421
0.72135,0.4636358,0.2,0.6350776,0.26039,0.8142215,0.3993085,0.2717038,0.0388
0.7214,0.4453562,0.2,0.6562878,0.2596,0.814278,0.4183378,0.254396,0.0397
0.72145,0.4404116,0.2,0.656411,0.25624,0.8143345,0.4193538,0.2515919,0.0397
0.7215,0.4356764,0.4,0.6505986,0.25335,0.814391,0.4157991,0.2511154,0.0393
0.72155,0.4353966,0.4,0.6517868,0.25354,0.8144475,0.4167629,0.2505009,0.038
0.7216,0.4337821,0.4,0.6547014,0.25598,0.814504,0.4193136,0.2484523,0.0403
0.72165,0.4197714,0.4,0.6493799,0.25886,0.8145605,0.4180089,0.2421693,0.0444
0.7217,0.4177844,0.4,0.6455686,0.25869,0.814617,0.4154572,0.2424635,0.0467
0.72175,0.4220452,0.4,0.6528292,0.25964,0.8146735,0.4202202,0.2421962,0.0467
0.7218,0.4244572,0.4,0.6650136,0.26048,0.81473,0.4292101,0.2388769,0.0429
0.72185,0.43521,0.4,0.6829402,0.26256,0.8147865,0.4409273,0.2384634,0.0415
0.7219,0.447438,0.2,0.6962158,0.26315,0.814843,0.4487008,0.2406657,0.038
0.72195,0.44999,0.2,0.6967054,0.26061,0.8148995,0.44855,0.2419552,0.0335
0.722,0.439135,0.2,0.685147,0.25844,0.814956,0.441817,0.2399634,0.0319
0.72205,0.4295748,0.4,0.6771372,0.25757,0.8150125,0.4375977,0.2372838,0.0247
0.7221,0.4244999,0.2,0.6705464,0.25793,0.815069,0.4335322,0.2367308,0.0314
0.72215,0.435754,0.2,0.6641518,0.2573,0.8151255,0.4262117,0.2459759,0.0318
0.7222,0.4584405,0.2,0.6662629,0.25759,0.815182,0.423554,0.2577793,0.0309
0.72225,0.479599,0,0.6705438,0.25785,0.8152385,0.4231808,0.2669776,0.0246
0.7223,0.4785339,0,0.6481399,0.25064,0.815295,0.4067034,0.2742619,0.0189
0.72235,0.461394,0,0.6297292,0.24963,0.8153515,0.3956895,0.2725266,0.0199
0.7224,0.4006566,0,0.5993896,0.25282,0.815408,0.3832095,0.2506636,0.0259
0.72245,0.3783985,0,0.5957098,0.26072,0.8154645,0.3848715,0.2376179,0.0338
0.7225,0.3751925,0.4,0.588882,0.26034,0.815521,0.3802173,0.238409,0.0371
0.72255,0.3841738,0.4,0.578982,0.25701,0.8155775,0.370709,0.2488194,0.0344
0.7226,0.4012752,0.4,0.5850643,0.25693,0.815634,0.372166,0.2569979,0.0341
0.72265,0.4149,0.2,0.6059816,0.25931,0.8156905,0.3856013,0.2565753,0.0295
0.7227,0.425965,0.2,0.6216078,0.26147,0.815747,0.3954789,0.2567845,0.0264
0.72275,0.4213806,0.2,0.6308022,0.2644,0.8158035,0.403345,0.2505017,0.023
0.7228,0.4021177,0.2,0.6249432,0.26486,0.81586,0.4026651,0.2409783,0.0204
0.72285,0.3815079,0.2,0.6089889,0.26358,0.8159165,0.3946187,0.2339553,0.0197
0.7229,0.3723251,0.4,0.5934472,0.26159,0.815973,0.3844245,0.2343508,0.0214
0.72295,0.3957369,0.2,0.5913296,0.26067,0.8160295,0.3779674,0.2509584,0.0226
0.723,0.4421695,0.2,0.5961649,0.26168,0.816086,0.3737884,0.2752879,0.0242
0.72305,0.4702116,0.2,0.5922396,0.26097,0.8161425,0.3670695,0.2900804,0.0248
0.7231,0.4645078,0.4,0.5902485,0.26004,0.816199,0.3663646,0.2882172,0.0225
0.72315,0.4370579,0.2,0.5939852,0.25893,0.8162555,0.3729472,0.273491,0.0217
0.7232,0.4152282,0.2,0.6052035,0.25975,0.816312,0.3849516,0.25708,0.0204
0.72325,0.3904896,0.2,0.6107534,0.26008,0.8163685,0.3940483,0.2393215,0.0213
0.7233,0.3738112,0.2,0.6113512,0.26022,0.816425,0.3982573,0.2274242,0.0199
0.72335,0.3562735,0.2,0.6181788,0.25986,0.8164815,0.4082298,0.2108127,0.0178
0.7234,0.3724127,0.2,0.6358655,0.26019,0.816538,0.4183146,0.2154298,0.0165
0.72345,0.4040146,0.2,0.650785,0.26153,0.8165945,0.4225313,0.2315339,0.0141
0.7235,0.466972,0.2,0.6689136,0.26248,0.816651,0.4240661,0.2612585,0.0136
0.72355,0.5078856,0.2,0.6685391,0.26111,0.8167075,0.417423,0.2806136,0.0147
0.7236,0.502548,0.2,0.658145,0.25905,0.816764,0.4105748,0.2817307,0.0168
0.72365,0.4757554,0.3,0.6434044,0.25799,0.8168205,0.4036238,0.2746025,0.0199
0.7237,0.4552627,0.3,0.6374044,0.25971,0.816877,0.4023692,0.2666533,0.0239
0.72375,0.4331676,0.3,0.6304552,0.25982,0.8169335,0.4009035,0.2574245,0.0241
0.7238,0.4187482,0.3,0.6219796,0.25988,0.81699,0.3970865,0.2524449,0.0213
0.72385,0.4077385,0.3,0.6120049,0.25864,0.8170465,0.3915335,0.2498377,0.0212
0.7239,0.3964774,0.2,0.6008916,0.25869,0.817103,0.3851737,0.247404,0.02
0.72395,0.3929318,0.3,0.5887464,0.25794,0.8171595,0.3765217,0.2502762,0.0206
0.724,0.4044872,0.3,0.582973,0.25775,0.817216,0.370014,0.2597892,0.0218
0.72405,0.420895,0.3,0.5697133,0.25777,0.8172725,0.3574513,0.274404,0.0227
0.7241,0.4336548,0.3,0.5576262,0.25916,0.817329,0.3467971,0.2856874,0.0226
0.72415,0.4403795,0.3,0.5576665,0.26102,0.8173855,0.3459457,0.2889447,0.0201
0.7242,0.4445835,0.2,0.5616458,0.2625,0.817442,0.3482781,0.2894487,0.0177
0.72425,0.4586612,0.2,0.5717758,0.26185,0.8174985,0.3537965,0.2922302,0.0139
0.7243,0.4690835,0.2,0.5778089,0.26071,0.817555,0.3568467,0.2947029,0.0138
0.72435,0.4570585,0.2,0.5858605,0.26093,0.8176115,0.3641644,0.2863656,0.0157
0.7244,0.4510714,0.2,0.6114104,0.26258,0.817668,0.3837076,0.2740896,0.0164
0.72445,0.461364,0.2,0.6183586,0.26399,0.8177245,0.3872992,0.2766194,0.0177
0.7245,0.4755121,0.2,0.6235646,0.26432,0.817781,0.3890903,0.281441,0.0188
0.72455,0.4800847,0.2,0.6211231,0.26357,0.8178375,0.386683,0.2843703,0.0186
0.7246,0.4665127,0.2,0.6147494,0.26256,0.817894,0.3839095,0.2803742,0.0165
0.72465,0.4556526,0.3,0.608072,0.26115,0.8179505,0.3805694,0.277582,0.015
0.7247,0.457033,0.3,0.6038364,0.25975,0.818007,0.377264,0.2797984,0.0143
0.72475,0.4467428,0.3,0.6020181,0.25986,0.8180635,0.3774237,0.2754046,0.0154
0.7248,0.4398419,0.2,0.6044163,0.26093,0.81812,0.3802488,0.2709721,0.0159
0.72485,0.4486375,0.2,0.6129282,0.26256,0.8181765,0.3852012,0.2723001,0.0166
0.7249,0.4434678,0.2,0.61851,0.26238,0.818233,0.3901665,0.267548,0.0165
0.72495,0.4357134,0.2,0.620064,0.26135,0.8182895,0.3926123,0.2628165,0.0148
0.725,0.4403342,0.2,0.6186964,0.26104,0.818346,0.3908159,0.2658231,0.0128
0.72505,0.4481266,0.2,0.6176174,0.26232,0.8184025,0.3887603,0.2702965,0.0128
0.7251,0.4571193,0.2,0.6146526,0.26344,0.818459,0.3851962,0.2758963,0.0117
0.72515,0.468108,0.2,0.6140714,0.26383,0.8185155,0.3831898,0.2813641,0.0115
0.7252,0.466366,0.2,0.6138206,0.26299,0.818572,0.3832508,0.280637,0.0119
0.72525,0.4639324,0.3,0.612093,0.26148,0.8186285,0.3823303,0.280107,0.0131
0.7253,0.4667385,0.2,0.6096286,0.25998,0.818685,0.3801371,0.282309,0.0151
0.72535,0.4815462,0.2,0.6174292,0.26073,0.8187415,0.3838057,0.2863032,0.0142
0.7254,0.4993858,0.2,0.62641,0.2618,0.818798,0.3879897,0.2909399,0.0142
0.72545,0.5006218,0.2,0.6284948,0.26255,0.8188545,0.3893347,0.2907619,0.0132
0.7255,0.4795023,0.2,0.6249238,0.26106,0.818911,0.3895292,0.2827874,0.0153
0.72555,0.4623286,0.3,0.6200124,0.2598,0.8189675,0.3883746,0.2764893,0.0145
0.7256,0.4755736,0.3,0.6168744,0.26051,0.819024,0.3842044,0.2838139,0.014
0.72565,0.4922733,0.3,0.6136764,0.26134,0.8190805,0.3797232,0.2922304,0.0129
0.7257,0.4969508,0.2,0.6154684,0.26298,0.819137,0.3804332,0.2935851,0.0121
0.72575,0.5009297,0.2,0.6156183,0.26259,0.8191935,0.3800588,0.2951748,0.0132
0.7258,0.5012222,0.2,0.6144152,0.26193,0.81925,0.379164,0.2956943,0.0146
0.72585,0.486717,0.2,0.6131818,0.26106,0.8193065,0.380065,0.2900279,0.0159
0.7259,0.4729414,0.2,0.6158026,0.26013,0.819363,0.3837837,0.2829884,0.0164
0.72595,0.4780419,0.2,0.6252473,0.26053,0.8194195,0.3899668,0.282011,0.016
0.726,0.4848011,0.2,0.6270197,0.2606,0.819476,0.3903324,0.2844409,0.0161
0.72605,0.4741782,0.2,0.6220925,0.26133,0.8195325,0.3882013,0.2813436,0.0162
0.7261,0.4284668,0.2,0.6122346,0.26101,0.819589,0.3879516,0.2618506,0.0174
0.72615,0.3754578,0.2,0.5961318,0.26058,0.8196455,0.3858433,0.2353756,0.0173
0.7262,0.3564872,0.2,0.588313,0.25943,0.819702,0.3840237,0.224949,0.0165
0.72625,0.369984,0.3,0.600141,0.25868,0.8197585,0.3902453,0.2296546,0.0156
0.7263,0.3843609,0.3,0.6140805,0.25775,0.819815,0.3979931,0.2337222,0.0166
0.72635,0.3870962,0.3,0.6234098,0.25849,0.8198715,0.40474,0.231587,0.0161
0.7264,0.3840396,0.2,0.622769,0.25959,0.819928,0.4049349,0.2297288,0.0164
0.72645,0.3756737,0.2,0.6245426,0.26099,0.8199845,0.4083481,0.2229232,0.015
0.7265,0.3764903,0.2,0.6380404,0.26088,0.820041,0.4190146,0.2175491,0.0155
0.72655,0.398028,0.2,0.6515235,0.25998,0.8200975,0.4245092,0.2271868,0.0155
0.7266,0.4205106,0.3,0.6606376,0.25943,0.820154,0.4266323,0.2381606,0.0164
0.72665,0.42421,0.2,0.670956,0.25939,0.8202105,0.4339163,0.2363901,0.0163
0.7267,0.4336688,0.2,0.6804208,0.25978,0.820267,0.4392871,0.2385021,0.0156
0.72675,0.4424866,0.3,0.6807484,0.25957,0.8203235,0.4377005,0.2435899,0.0165
0.7268,0.4412223,0.2,0.677837,0.26025,0.82038,0.4357005,0.2439549,0.0153
0.72685,0.4318094,0.2,0.6752482,0.26115,0.8204365,0.4356413,0.2393726,0.0163
0.7269,0.4297314,0.2,0.6766201,0.26253,0.820493,0.4371589,0.2375801,0.0157
0.72695,0.4364162,0.2,0.67528,0.26199,0.8205495,0.4347014,0.2421116,0.0163
0.727,0.443957,0.2,0.6754388,0.26161,0.820606,0.4332963,0.2464323,0.0162
0.72705,0.4479962,0.2,0.6769259,0.26229,0.8206625,0.4336473,0.2481653,0.0163
0.7271,0.4480737,0.2,0.676824,0.26317,0.820719,0.4335535,0.2482469,0.0156
0.72715,0.4441196,0.2,0.6773498,0.26342,0.8207755,0.4347399,0.2458081,0.0175
0.7272,0.4267244,0.2,0.6773174,0.26278,0.820832,0.4383605,0.2354588,0.0166
0.72725,0.4115542,0.2,0.6773836,0.26218,0.8208885,0.4419008,0.2256808,0.0174
0.7273,0.4110207,0.2,0.6732284,0.26208,0.820945,0.4387144,0.2270096,0.0186
0.72735,0.4199731,0.4,0.6658196,0.26057,0.8210015,0.4308112,0.2357689,0.0204
0.7274,0.4361002,0.2,0.6611822,0.25958,0.821058,0.4238514,0.2473124,0.0193
0.72745,0.4495542,0.2,0.649939,0.25941,0.8211145,0.4127616,0.2590432,0.018
0.7275,0.4545926,0.2,0.6409644,0.25937,0.821171,0.4051443,0.265004,0.0175
0.72755,0.449771,0.2,0.6413676,0.26005,0.8212275,0.4062563,0.2623353,0.0165
0.7276,0.4497335,0.2,0.6383261,0.25968,0.821284,0.4039749,0.2634429,0.0183
0.72765,0.4500482,0.2,0.6404916,0.2604,0.8213405,0.4055498,0.2628063,0.018
0.7277,0.4402768,0.2,0.6448407,0.25971,0.821397,0.4105506,0.2558956,0.0179
0.72775,0.44346,0.2,0.6442854,0.25929,0.8214535,0.4095574,0.2578566,0.0165
0.7278,0.4445636,0.2,0.6436282,0.25909,0.82151,0.4088643,0.258704,0.0173
0.72785,0.4528702,0.2,0.650503,0.26012,0.8215665,0.4126099,0.2606,0.0197
0.7279,0.4591468,0.2,0.6493286,0.2617,0.821623,0.41066,0.2642989,0.0205
0.72795,0.4610434,0.2,0.645588,0.26214,0.8216795,0.407546,0.2666206,0.021
0.728,0.4655794,0.2,0.6465684,0.26214,0.821736,0.407546,0.2685435,0.0192
0.72805,0.4595864,0.2,0.644039,0.25974,0.8217925,0.4066254,0.2664424,0.0178
0.7281,0.4421414,0.2,0.6500746,0.25909,0.821849,0.4141937,0.2549523,0.0146
0.72815,0.4219114,0.2,0.6538997,0.25788,0.8219055,0.4210803,0.2416916,0.0148
0.7282,0.4359628,0.2,0.6549902,0.2585,0.821962,0.4191134,0.2496,0.0147
0.72825,0.4487249,0.2,0.6410594,0.25812,0.8220185,0.4062022,0.261896,0.0138
0.7283,0.4511636,0.2,0.6349482,0.25806,0.822075,0.4012029,0.2654406,0.011
0.72835,0.4452622,0.2,0.6397712,0.25833,0.8221315,0.4058263,0.2605265,0.0108
0.7284,0.4473428,0.2,0.648068,0.25891,0.822188,0.4117352,0.2585491,0.011
0.72845,0.4678009,0.2,0.6565824,0.25984,0.8222445,0.4146652,0.2660748,0.0143
0.7285,0.4780766,0.2,0.6535114,0.2601,0.822301,0.4107471,0.2721734,0.0158
0.72855,0.4829298,0.2,0.6451471,0.26021,0.8223575,0.4038468,0.2773496,0.0168
0.7286,0.4797636,0.2,0.6376552,0.26048,0.822414,0.398803,0.2784829,0.016
0.72865,0.4622166,0.2,0.6355697,0.26166,0.8224705,0.399894,0.2708254,0.0166
0.7287,0.4460438,0.2,0.63748,0.26256,0.822527,0.4039642,0.2618021,0.0173
0.72875,0.4421862,0.2,0.642063,0.26295,0.8225835,0.4080993,0.2579967,0.0169
0.7288,0.4439923,0.2,0.6454672,0.26167,0.82264,0.4103586,0.2577033,0.0155
0.72885,0.4420661,0.2,0.6466885,0.26066,0.8226965,0.4116314,0.2561871,0.0162
0.7289,0.4444026,0.2,0.6432186,0.26099,0.822753,0.4085823,0.2587704,0.0144
0.72895,0.456868,0.2,0.6381354,0.26169,0.8228095,0.4026549,0.2672065,0.0146
0.729,0.4638006,0.2,0.638892,0.26269,0.822866,0.4021146,0.2704142,0.0148
0.72905,0.4598717,0.2,0.6427365,0.26211,0.8229225,0.4056055,0.2670594,0.0144
0.7291,0.4495802,0.2,0.648742,0.26189,0.822979,0.4118519,0.2595009,0.0146
0.72915,0.437745,0.2,0.6453998,0.26103,0.8230355,0.4114385,0.2542711,0.0141
0.7292,0.4349804,0.2,0.6350876,0.26048,0.823092,0.4040949,0.2566604,0.0154
0.72925,0.4291032,0.2,0.6256315,0.25973,0.8231485,0.3979703,0.2570004,0.0142
0.7293,0.4199066,0.2,0.6271028,0.25992,0.823205,0.4007893,0.2510944,0.0138
0.72935,0.4133534,0.2,0.6292902,0.25987,0.8232615,0.4037454,0.2462664,0.0158
0.7294,0.4126484,0.2,0.6332416,0.26106,0.823318,0.4069434,0.2442368,0.0152
0.72945,0.4178577,0.2,0.6355822,0.26056,0.8233745,0.4077087,0.2464917,0.0163
0.7295,0.4273644,0.2,0.6385932,0.26049,0.823431,0.4081778,0.2509569,0.0136
0.72955,0.4264058,0.2,0.6413039,0.25993,0.8234875,0.4104421,0.2493373,0.0146
0.7296,0.4161434,0.2,0.6483988,0.26184,0.823544,0.4180016,0.2403145,0.0152
0.72965,0.4081158,0.2,0.6530593,0.26283,0.8236005,0.4233994,0.2333032,0.0161
0.7297,0.4130636,0.2,0.6530586,0.26293,0.823657,0.4223054,0.2364978,0.0154
0.72975,0.4306478,0.2,0.6457156,0.26075,0.8237135,0.4130138,0.2500991,0.0167
0.7298,0.4476073,0.2,0.6498896,0.26036,0.82377,0.4130685,0.2580134,0.0183
0.72985,0.4629467,0.2,0.6558238,0.2614,0.8238265,0.4149004,0.2638951,0.0186
0.7299,0.47483,0.2,0.6480592,0.26101,0.823883,0.4072061,0.2725295,0.0176
0.72995,0.4744298,0.2,0.6408593,0.2602,0.8239395,0.401944,0.2748668,0.0169
0.73,0.4755246,0.2,0.6384236,0.25933,0.823996,0.3999857,0.2762389,0.0173
0.73005,0.483461,0.2,0.6387732,0.26121,0.8240525,0.3990941,0.2797914,0.0191
0.7301,0.4826264,0.2,0.6353502,0.26277,0.824109,0.3967068,0.2805928,0.0207
0.73015,0.4758099,0.2,0.6396837,0.26357,0.8241655,0.4008717,0.2759317,0.0231
0.7302,0.4672764,0.2,0.6512878,0.26405,0.824222,0.4107934,0.2677009,0.0251
0.73025,0.4410606,0.2,0.6478879,0.26262,0.8242785,0.4127261,0.2551782,0.0239
0.7303,0.4230509,0.2,0.6373275,0.26078,0.824335,0.4080345,0.2489162,0.0221
0.73035,0.4269723,0.2,0.6301238,0.25825,0.8243915,0.4017762,0.2540341,0.0206
0.7304,0.4394638,0.2,0.6280421,0.25745,0.824448,0.3979797,0.2618149,0.021
0.73045,0.4416604,0.2,0.6269416,0.25723,0.8245045,0.3967789,0.263415,0.0208
0.7305,0.4326823,0.2,0.6299694,0.25897,0.824561,0.4006219,0.2573394,0.0197
0.73055,0.4205765,0.2,0.6340558,0.26122,0.8246175,0.4059988,0.2487354,0.0203
0.7306,0.4077502,0.2,0.6383724,0.26211,0.824674,0.4119521,0.2390672,0.0211
0.73065,0.3994621,0.2,0.6402671,0.26153,0.8247305,0.4152544,0.2328627,0.0207
0.7307,0.4027594,0.2,0.638954,0.26012,0.824787,0.4134869,0.2355932,0.0206
0.73075,0.4075206,0.2,0.6357986,0.25954,0.8248435,0.4099914,0.2399729,0.0209
0.7308,0.406282,0.2,0.6258516,0.25802,0.8249,0.4025101,0.2432606,0.0238
0.73085,0.4031603,0.2,0.620636,0.25789,0.8249565,0.3991017,0.2434288,0.0241
0.7309,0.3972888,0.2,0.6172816,0.25788,0.825013,0.3977075,0.2410441,0.0221
0.73095,0.3979842,0.2,0.620512,0.25939,0.8250695,0.400079,0.2401438,0.0218
0.731,0.3985716,0.2,0.6329402,0.26033,0.825126,0.4096827,0.2353297,0.0229
0.73105,0.411669,0.2,0.6525659,0.26119,0.8251825,0.4222233,0.2358048,0.0222
0.7311,0.4188126,0.2,0.6617294,0.2615,0.825239,0.4278546,0.2366645,0.021
0.73115,0.409697,0.2,0.660338,0.26076,0.8252955,0.4287901,0.2313715,0.0231
0.7312,0.4067312,0.2,0.6624328,0.2606,0.825352,0.4311368,0.2285542,0.0216
0.73125,0.4007076,0.2,0.6597984,0.26092,0.8254085,0.4304681,0.2255694,0.0218
0.7313,0.3968981,0.2,0.6525559,0.26082,0.825465,0.4256016,0.2259766,0.0226
0.73135,0.3974925,0.2,0.6519925,0.26072,0.8255215,0.4250098,0.2266228,0.023
0.7314,0.3882145,0.2,0.6572627,0.25984,0.825578,0.43154,0.2178267,0.0234
0.73145,0.3921547,0.2,0.6603749,0.25942,0.8256345,0.4330454,0.2193393,0.023
0.7315,0.3963062,0.2,0.6555156,0.2583,0.825691,0.4281093,0.2243228,0.0243
0.73155,0.396774,0.2,0.6601248,0.25892,0.8257475,0.4316879,0.2227115,0.0256
0.7316,0.3998952,0.2,0.6611616,0.25979,0.825804,0.4317541,0.2244438,0.0267
0.73165,0.3951048,0.2,0.6555124,0.2613,0.8258605,0.4284002,0.2234858,0.0277
0.7317,0.3945844,0.4,0.6530649,0.26163,0.825917,0.4265675,0.2241549,0.0289
0.73175,0.3998124,0.4,0.6560877,0.26187,0.8259735,0.4277215,0.226502,0.0303
0.7318,0.3939634,0.4,0.6522726,0.26179,0.82603,0.4260846,0.2240553,0.0296
0.73185,0.3739582,0.4,0.6444474,0.26211,0.8260865,0.4248862,0.212781,0.0293
0.7319,0.3663312,0.4,0.63622,0.26247,0.826143,0.4202368,0.2105444,0.0341
0.73195,0.3763966,0.4,0.6144024,0.26,0.8261995,0.4000751,0.2279454,0.0379
0.732,0.3776234,0.4,0.5908731,0.25459,0.826256,0.381255,0.2392141,0.0435
0.73205,0.4003355,0.4,0.586902,0.25182,0.8263125,0.3737321,0.2556624,0.0551
0.7321,0.4007648,0.5,0.5875314,0.25209,0.826369,0.3741328,0.2556624,0.0736
0.73215,0.4042941,0.5,0.5927054,0.25431,0.8264255,0.3774276,0.2556624,0.0922
0.7322,0.3819324,0.5,0.5829084,0.25412,0.826482,0.374178,0.2456319,0.0952
0.73225,0.3559442,0.5,0.5819944,0.25466,0.8265385,0.3791135,0.227488,0.0909
0.7323,0.3397058,0.5,0.6079096,0.25652,0.826595,0.4044768,0.201747,0.0784
0.73235,0.3223214,0.5,0.6553617,0.25789,0.8266515,0.451305,0.1611241,0.0796
0.7324,0.3399802,0.5,0.6956411,0.25779,0.826708,0.4799293,0.1589794,0.0789
0.73245,0.3440137,0.5,0.6859492,0.25665,0.8267645,0.4697191,0.1676734,0.0855
0.7325,0.3452536,0.5,0.6522044,0.25452,0.826821,0.4400235,0.1851566,0.0892
0.73255,0.3275667,0.5,0.5974989,0.25293,0.8268775,0.3994632,0.1959912,0.0915
0.7326,0.278699,0.5,0.5746025,0.25157,0.826934,0.3973153,0.1563781,0.0942
0.73265,0.2736116,0.5,0.5423995,0.25087,0.8269905,0.3708068,0.169605,0.0992
0.7327,0.295405,0.5,0.5253915,0.25129,0.827047,0.3490417,0.2035756,0.0989
0.73275,0.3390097,0.5,0.5054568,0.25146,0.8271035,0.3229384,0.2515033,0.1038
0.7328,0.3680722,0.5,0.4854176,0.2511,0.82716,0.3031837,0.2801982,0.1095
0.73285,0.3591496,0.5,0.4452034,0.24985,0.8272165,0.2752286,0.2933993,0.1158
0.7329,0.3237962,0.5,0.4059902,0.25045,0.827273,0.251448,0.2910258,0.1227
0.73295,0.2728031,0.5,0.3758674,0.25193,0.8273295,0.2365773,0.2703671,0.1257
0.733,0.2495325,0.5,0.3469352,0.25196,0.827386,0.2187268,0.2682765,0.1449
0.73305,0.2087274,0.5,0.3314922,0.24717,0.8274425,0.2145686,0.2353068,0.1819
0.7331,0.1977295,0.5,0.3278074,0.23996,0.827499,0.2141977,0.2236904,0.1979
0.73315,0.2025179,0.5,0.360846,0.23936,0.8275555,0.2398345,0.2030337,0.1285
0.7332,0.243331,0.5,0.3883552,0.24373,0.827612,0.251641,0.2340007,0.089
0.73325,0.2791916,0.5,0.4181616,0.25124,0.8276685,0.2674065,0.2503736,0.082
0.7333,0.3341556,0.5,0.4456428,0.25405,0.827725,0.2788795,0.2777269,0.0887
0.73335,0.3894673,0.5,0.4562204,0.25469,0.8277815,0.279582,0.3047673,0.086
0.7334,0.40775,0.5,0.4600804,0.25544,0.827838,0.2804053,0.3119434,0.0861
0.73345,0.3159764,0.5,0.4658647,0.25465,0.8278945,0.2969857,0.2542724,0.0801
0.7335,0.2890262,0.5,0.4608466,0.25446,0.827951,0.2985518,0.2342533,0.0941
0.73355,0.3456573,0.5,0.4889762,0.25469,0.8280075,0.3092643,0.2642287,0.0945
0.7336,0.5043036,0.5,0.5168421,0.25657,0.828064,0.3109128,0.3291895,0.077
0.73365,0.5073558,0.5,0.5242619,0.25894,0.8281205,0.3157112,0.3277797,0.0602
0.7337,0.4021442,0.4,0.5185119,0.25869,0.828177,0.3226173,0.2851053,0.053
0.73375,0.3375442,0.4,0.5131786,0.25743,0.8282335,0.3291584,0.2466117,0.0525
0.7338,0.3323666,0.4,0.5084158,0.25643,0.82829,0.3265119,0.2450526,0.0527
0.73385,0.3883453,0.4,0.4901264,0.25797,0.8283465,0.3038808,0.2896518,0.0516
0.7339,0.4407166,0.4,0.4937056,0.25826,0.828403,0.3005893,0.3132944,0.0524
0.73395,0.45381,0.4,0.5076568,0.25714,0.8284595,0.3090216,0.3135575,0.054
0.734,0.43986,0.4,0.5273708,0.25481,0.828516,0.3243262,0.3001747,0.0572
0.73405,0.4267854,0.4,0.5497782,0.25369,0.8285725,0.3420187,0.2853026,0.0585
0.7341,0.4096808,0.4,0.5539782,0.25242,0.828629,0.3475171,0.2746301,0.0545
0.73415,0.4317603,0.4,0.5594931,0.24882,0.8286855,0.3484082,0.2840264,0.0518
0.7342,0.4292377,0.4,0.5664178,0.24573,0.828742,0.353811,0.2800683,0.0504
0.73425,0.4105064,0.4,0.5763514,0.24782,0.8287985,0.3640167,0.2659998,0.05
0.7343,0.4062866,0.4,0.6064855,0.25201,0.828855,0.3875776,0.2512078,0.0494
0.73435,0.3948555,0.4,0.6372086,0.25568,0.8289115,0.4138835,0.2310372,0.0483
0.7344,0.43195,0.4,0.6954985,0.25687,0.828968,0.4515215,0.231644,0.0463
0.73445,0.513638,0.4,0.7454353,0.25923,0.8290245,0.4737573,0.2581191,0.0427
0.7345,0.6070096,0.4,0.8187948,0.26053,0.829081,0.5134169,0.2751834,0.0412
0.73455,0.5854086,0.4,0.8399374,0.25913,0.8291375,0.5326536,0.2608685,0.0423
0.7346,0.5807322,0.4,0.8332278,0.25706,0.829194,0.5283986,0.2608685,0.0409
0.73465,0.5274824,0.4,0.8216137,0.25766,0.8292505,0.5296319,0.2403978,0.042
0.7347,0.5009774,0.4,0.7972062,0.25984,0.829307,0.5162353,0.234783,0.0462
0.73475,0.543947,0.4,0.7079592,0.26113,0.8293635,0.4411864,0.2830797,0.0537
0.7348,0.531645,0.5,0.5957793,0.25021,0.82942,0.3627546,0.3132277,0.068
0.73485,0.4484308,0.5,0.4560527,0.21887,0.8294765,0.2740739,0.3305005,0.081
0.7349,0.3490813,0.5,0.3623495,0.18986,0.829533,0.2183357,0.3269985,0.0848
0.73495,0.2763459,0.5,0.3134708,0.17446,0.8295895,0.1911969,0.310943,0.0954
0.735,0.2856368,0,0.3158862,0.17908,0.829646,0.191976,0.3156831,0.096
0.73505,0.3057256,0,0.3207489,0.18338,0.8297025,0.1935396,0.3251433,0.1126
0.7351,0.3089572,0,0.3224008,0.18493,0.829759,0.1943988,0.3260812,0.1228
0.73515,0.3047604,0,0.321057,0.18439,0.8298155,0.1938311,0.3244211,0.1048
0.7352,0.3128644,0,0.332737,0.19134,0.829872,0.201137,0.3227469,0.0665
0.73525,0.3792176,0,0.3820523,0.21729,0.8299285,0.2293283,0.3320875,0.0357
0.7353,0.4617881,0,0.4384678,0.24482,0.829985,0.2612966,0.34175,0.0335
0.73535,0.5149734,0,0.4791,0.26186,0.8300415,0.2848327,0.3449434,0.0283
0.7354,0.517187,0.4,0.4828914,0.26045,0.830098,0.2872059,0.3443853,0.0311
0.73545,0.519474,0.4,0.4787945,0.25883,0.8301545,0.2843463,0.3463848,0.0284
0.7355,0.4972166,0.4,0.4842924,0.25849,0.830211,0.2894862,0.3376655,0.0303
0.73555,0.472272,0.4,0.4910904,0.25821,0.8302675,0.2959776,0.3266923,0.0331
0.7356,0.4664256,0.4,0.4949503,0.25843,0.830324,0.2991047,0.3231407,0.0408
0.73565,0.45809,0.4,0.5003094,0.26189,0.8303805,0.3035288,0.3179726,0.0561
0.7357,0.4466405,0.1,0.5063283,0.26423,0.830437,0.3087999,0.3110605,0.0728
0.73575,0.444883,0.1,0.5181584,0.26622,0.8304935,0.3172679,0.3058822,0.0753
0.7358,0.4366568,0.1,0.5278835,0.26557,0.83055,0.3250569,0.2985132,0.0631
0.73585,0.4459542,0.4,0.5236758,0.26408,0.8306065,0.3210386,0.3042863,0.0487
0.7359,0.4692418,0.4,0.5228792,0.26117,0.830663,0.3181123,0.3142822,0.0415
0.73595,0.5099528,0.4,0.5359677,0.25854,0.8307195,0.3234788,0.3248309,0.0364
0.736,0.5287614,0.4,0.5518556,0.25769,0.830776,0.3327606,0.326054,0.0305
0.73605,0.5269251,0.4,0.5962145,0.25821,0.8308325,0.3635209,0.311417,0.0273
0.7361,0.5051638,0.4,0.6043732,0.25928,0.830889,0.3715596,0.3006015,0.0267
0.73615,0.4519904,0.4,0.5960658,0.25965,0.8309455,0.3722903,0.280207,0.0259
0.7362,0.420342,0.4,0.5911626,0.25994,0.831002,0.3734886,0.2656025,0.0258
0.73625,0.4077183,0.4,0.5902897,0.25895,0.8310585,0.3749816,0.258702,0.028
0.7363,0.412572,0.4,0.5946322,0.25851,0.831115,0.377415,0.2597865,0.0289
0.73635,0.4292714,0.4,0.604776,0.25886,0.8311715,0.3822131,0.2651928,0.0286
0.7364,0.4369773,0.4,0.6133362,0.26033,0.831228,0.3873549,0.2660686,0.0287
0.73645,0.4250662,0.2,0.6203642,0.26189,0.8312845,0.3946961,0.2567578,0.0289
0.7365,0.4041882,0.4,0.6226733,0.26164,0.831341,0.4004723,0.2432412,0.0292
0.73655,0.3909874,0.4,0.6333323,0.26068,0.8313975,0.4117031,0.2300286,0.0282
0.7366,0.3698988,0.4,0.6345898,0.2584,0.831454,0.417943,0.2140704,0.0295
0.73665,0.3693426,0.4,0.6365496,0.25741,0.8315105,0.419688,0.2127556,0.029
0.7367,0.3930457,0.4,0.6425126,0.25669,0.831567,0.4185141,0.2275497,0.0297
0.73675,0.4118732,0.4,0.6471826,0.25692,0.8316235,0.417959,0.2381142,0.0329
0.7368,0.4170072,0.4,0.643525,0.25507,0.83168,0.4140298,0.2428003,0.0376
0.73685,0.4140666,0.4,0.6348687,0.25021,0.8317365,0.4079166,0.2444579,0.0385
0.7369,0.405803,0.4,0.6324381,0.24803,0.831793,0.4077327,0.2402524,0.0429
0.73695,0.3991103,0.4,0.6369022,0.25184,0.8318495,0.4126802,0.2340326,0.0432
0.737,0.4055822,0.4,0.6297711,0.2587,0.831906,0.405701,0.241207,0.0451
0.73705,0.4323912,0.4,0.6123591,0.26449,0.8319625,0.3873817,0.2639641,0.0508
0.7371,0.4369156,0.1,0.597429,0.26727,0.832019,0.3755186,0.2721035,0.0644
0.73715,0.3770169,0.1,0.5781071,0.2705,0.8320755,0.371452,0.244438,0.079
0.7372,0.338624,0.1,0.5754362,0.27269,0.832132,0.378141,0.2167772,0.0939
0.73725,0.3331804,0.1,0.5924392,0.27598,0.8321885,0.393562,0.2036444,0.1071
0.7373,0.3554322,0.1,0.6035402,0.27684,0.832245,0.3965391,0.2169923,0.1098
0.73735,0.385984,0.1,0.6072636,0.27402,0.8323015,0.3922829,0.2377855,0.0914
0.7374,0.395593,0.1,0.6120545,0.26645,0.832358,0.3939929,0.2421363,0.0613
0.73745,0.398312,0.2,0.6247312,0.26031,0.8324145,0.403304,0.2385921,0.0404
0.7375,0.4014168,0.4,0.6392003,0.25714,0.832471,0.413977,0.2346065,0.0311
0.73755,0.3979843,0.4,0.6523952,0.25673,0.8325275,0.4252138,0.226792,0.0296
0.7376,0.394083,0.4,0.6567393,0.25755,0.832584,0.429636,0.22225,0.0295
0.73765,0.3895398,0.4,0.6541442,0.25843,0.8326405,0.428685,0.2201209,0.0312
0.7377,0.3876191,0.4,0.6472663,0.25836,0.832697,0.4236324,0.2216914,0.0317
0.73775,0.3919311,0.4,0.6382955,0.25713,0.8327535,0.4154226,0.2285682,0.0337
0.7378,0.402857,0.4,0.6324262,0.25662,0.83281,0.4083489,0.2383578,0.0341
0.73785,0.405817,0.4,0.6205485,0.2548,0.8328665,0.3984957,0.2451444,0.0366
0.7379,0.406436,0.4,0.6056394,0.25447,0.832923,0.3869013,0.2516463,0.0389
0.73795,0.4155764,0.4,0.5912581,0.25431,0.8329795,0.3743552,0.2628763,0.0421
0.738,0.4392365,0.4,0.5886868,0.2566,0.833036,0.3687131,0.2766249,0.0433
0.73805,0.4604294,0.4,0.5852734,0.25754,0.8330925,0.3632977,0.2881421,0.0426
0.7381,0.469503,0.4,0.5803794,0.25784,0.833149,0.3586361,0.2939739,0.0399
0.73815,0.4698642,0.4,0.5773991,0.25916,0.8332055,0.3564597,0.2951894,0.036
0.7382,0.453625,0.2,0.5771274,0.26122,0.833262,0.3582926,0.2879572,0.0361
0.73825,0.4335364,0.2,0.57996,0.26217,0.8333185,0.3631284,0.277043,0.0359
0.7383,0.4398128,0.2,0.5944778,0.26279,0.833375,0.3728957,0.2747232,0.0382
0.73835,0.4777879,0.2,0.6140554,0.26262,0.8334315,0.3818581,0.2857992,0.0349
0.7384,0.5052571,0.4,0.6259229,0.26284,0.833488,0.3869117,0.2935299,0.0347
0.73845,0.4962391,0.2,0.6317052,0.26138,0.8335445,0.3922125,0.2878358,0.0319
0.7385,0.488033,0.2,0.6376539,0.26021,0.833601,0.3976348,0.2822368,0.0298
0.73855,0.4681047,0.2,0.6289476,0.26056,0.8336575,0.3941025,0.2760658,0.0266
0.7386,0.441032,0.2,0.613081,0.2608,0.833714,0.3865077,0.2683157,0.0261
0.73865,0.444414,0.2,0.5979122,0.26061,0.8337705,0.3747429,0.2757676,0.026
0.7387,0.4460494,0.2,0.5819038,0.25905,0.833827,0.3627749,0.2825713,0.0267
0.73875,0.4352357,0.2,0.5729298,0.25797,0.8338835,0.3577286,0.2806055,0.0274
0.7388,0.4331828,0.2,0.5799353,0.25732,0.83394,0.3631619,0.2768704,0.0283
0.73885,0.432033,0.4,0.5870643,0.25616,0.8339965,0.3685915,0.2735264,0.0301
0.7389,0.4391573,0.2,0.5907011,0.25588,0.834053,0.3702081,0.2758202,0.0326
0.73895,0.456858,0.2,0.6021544,0.25719,0.8341095,0.3760576,0.2803277,0.0323
0.739,0.470133,0.2,0.615316,0.25986,0.834166,0.3838165,0.2818646,0.0328
0.73905,0.4730531,0.2,0.6248238,0.26162,0.8342225,0.3903574,0.2798612,0.0317
0.7391,0.4641128,0.2,0.6307404,0.26183,0.834279,0.3960234,0.2734959,0.0299
0.73915,0.4632768,0.2,0.6332516,0.26135,0.8343355,0.3980101,0.2721838,0.0288
0.7392,0.4686784,0.2,0.6348681,0.2607,0.834392,0.3983836,0.2742347,0.0304
0.73925,0.4501456,0.2,0.6354872,0.26022,0.8344485,0.4017752,0.2647105,0.0302
0.7393,0.4115422,0.2,0.6336156,0.25967,0.834505,0.4074586,0.2433978,0.0288
0.73935,0.4216156,0.2,0.6386369,0.25965,0.8345615,0.4093226,0.2475438,0.0235
0.7394,0.463015,0.2,0.643647,0.2601,0.834618,0.4057785,0.2683131,0.0223
0.73945,0.4696992,0.2,0.6406173,0.25933,0.8346745,0.402481,0.2726852,0.0233
0.7395,0.4448052,0.2,0.6370768,0.25843,0.834731,0.4038726,0.26129,0.0259
0.73955,0.4378473,0.2,0.6388783,0.25818,0.8347875,0.4064582,0.2568108,0.0255
0.7396,0.4528686,0.2,0.6532131,0.25938,0.834844,0.4146573,0.2596017,0.0249
0.73965,0.4554073,0.2,0.6646865,0.26048,0.8349005,0.4229005,0.2567428,0.0235
0.7397,0.455875,0.2,0.6666975,0.26034,0.834957,0.4243437,0.2562572,0.0216
0.73975,0.4762198,0.2,0.6739575,0.26061,0.8350135,0.4262932,0.2641295,0.0219
0.7398,0.49929,0.2,0.6847418,0.26186,0.83507,0.4306283,0.2714282,0.0216
0.73985,0.5090242,0.2,0.6897124,0.26179,0.8351265,0.4328206,0.2741716,0.0207
0.7399,0.5138528,0.2,0.6912007,0.26155,0.835183,0.433197,0.275811,0.018
0.73995,0.5124776,0.2,0.689351,0.26085,0.8352395,0.4320376,0.275811,0.0162
0.74,0.5132044,0.2,0.6903284,0.26122,0.835296,0.4326504,0.275811,0.0164
0.74005,0.5096,0.2,0.6890421,0.26004,0.8353525,0.4322387,0.2746461,0.0185
0.7401,0.4866456,0.2,0.6865308,0.26016,0.835409,0.4339899,0.2648765,0.0209
0.74015,0.4786622,0.2,0.6835449,0.25962,0.8354655,0.4330891,0.2619946,0.0192
0.7402,0.473744,0.2,0.6848962,0.26121,0.835522,0.4349609,0.2590483,0.0181
0.74025,0.4663556,0.2,0.6799862,0.26116,0.8355785,0.432551,0.2569858,0.0171
0.7403,0.4618226,0.2,0.6745628,0.26195,0.835635,0.4292471,0.2565578,0.0186
0.74035,0.4591226,0.2,0.668983,0.2629,0.8356915,0.4254954,0.2571517,0.0187
0.7404,0.4584486,0.2,0.6679444,0.26388,0.835748,0.4248279,0.2571723,0.0217
0.74045,0.4679333,0.2,0.6761548,0.2667,0.8358045,0.4293679,0.2591698,0.0271
0.7405,0.4840032,0.1,0.692063,0.27243,0.835861,0.4385928,0.2616878,0.0379
0.74055,0.5117423,0.1,0.7147558,0.27915,0.8359175,0.4509984,0.2672149,0.0522
0.7406,0.5344476,0.1,0.734688,0.28409,0.835974,0.4622355,0.2708886,0.0694
0.74065,0.5263356,0.1,0.7343753,0.28373,0.8360305,0.4632895,0.2674566,0.0861
0.7407,0.513021,0.1,0.7294134,0.2828,0.836087,0.461771,0.2630333,0.0974
0.74075,0.496936,0.1,0.7215968,0.28189,0.8361435,0.4586559,0.2579846,0.1003
0.7408,0.4814592,0.1,0.7175586,0.28274,0.8362,0.4584144,0.251603,0.0976
0.74085,0.4620631,0.1,0.7105775,0.28177,0.8362565,0.4568417,0.2436938,0.0945
0.7409,0.4522207,0.1,0.7022544,0.28002,0.836313,0.452404,0.2411829,0.0871
0.74095,0.4592336,0.1,0.6950139,0.27762,0.8363695,0.4453784,0.2477631,0.0807
0.741,0.4720264,0.1,0.6937782,0.27649,0.836426,0.4420102,0.2550355,0.0745
0.74105,0.4794256,0.1,0.6979016,0.27682,0.8364825,0.4438072,0.2573827,0.0708
0.7411,0.4838777,0.1,0.706341,0.27836,0.836539,0.449415,0.2567082,0.067
0.74115,0.4759174,0.1,0.7101979,0.27996,0.8365955,0.4538264,0.2512881,0.0647
0.7412,0.4679558,0.1,0.7051622,0.27994,0.836652,0.4514884,0.24885,0.0614
0.74125,0.4613869,0.1,0.6915134,0.27785,0.8367085,0.4422698,0.2502047,0.0627
0.7413,0.4441594,0.1,0.6706002,0.27459,0.836765,0.4295269,0.2483635,0.0631
0.74135,0.4362804,0.1,0.6575822,0.27293,0.8368215,0.421044,0.2487922,0.064
0.7414,0.4270383,0.1,0.652429,0.27241,0.836878,0.4188934,0.2453667,0.0693
0.74145,0.412956,0.1,0.651309,0.27277,0.8369345,0.4209566,0.2371355,0.0737
0.7415,0.3921541,0.1,0.6455542,0.27136,0.836991,0.4211516,0.2256374,0.0701
0.74155,0.3760253,0.2,0.6386132,0.26826,0.8370475,0.419599,0.2169457,0.0559
0.7416,0.3896216,0.2,0.637218,0.26378,0.837104,0.4151093,0.2274201,0.0385
0.74165,0.4178246,0.2,0.645803,0.26136,0.8371605,0.4156313,0.2423946,0.0247
0.7417,0.4381745,0.2,0.6581275,0.26001,0.837217,0.4210968,0.2496708,0.0177
0.74175,0.4480981,0.2,0.6738118,0.26112,0.8372735,0.4312323,0.2493809,0.0158
0.7418,0.4516874,0.2,0.687238,0.26145,0.83733,0.4408706,0.2464182,0.0147
0.74185,0.4539034,0.2,0.7032394,0.26276,0.8373865,0.4528204,0.2417807,0.0144
0.7419,0.4545136,0.2,0.7125678,0.26303,0.837443,0.4599654,0.2387069,0.0181
0.74195,0.4565608,0.2,0.7136522,0.2623,0.8374995,0.4603772,0.2394826,0.0212
0.742,0.4712378,0.2,0.7112647,0.26098,0.837556,0.4555447,0.2484409,0.0211
0.74205,0.4887634,0.2,0.7048564,0.26105,0.8376125,0.4474243,0.2596464,0.0219
0.7421,0.4753089,0.2,0.6884299,0.26171,0.837669,0.4373596,0.2586026,0.0265
0.74215,0.4506924,0.2,0.6716344,0.26184,0.8377255,0.4290668,0.2516287,0.0358
0.7422,0.4183256,0.4,0.6520412,0.2602,0.837782,0.4203825,0.2402178,0.044
0.74225,0.3975243,0.4,0.6308867,0.25855,0.8378385,0.4082994,0.2354934,0.0491
0.7423,0.3914735,0.4,0.6087855,0.25663,0.837895,0.3923061,0.2408145,0.0522
0.74235,0.3782959,0.4,0.585196,0.25413,0.8379515,0.3766906,0.2421789,0.0531
0.7424,0.3748063,0.4,0.5690705,0.25346,0.838008,0.3649093,0.2469491,0.0471
0.74245,0.3873926,0.4,0.5754866,0.2552,0.8380645,0.3674145,0.2524102,0.0415
0.7425,0.4052972,0.2,0.6094409,0.25813,0.838121,0.3900344,0.2493852,0.0369
0.74255,0.419952,0.2,0.6192621,0.25998,0.8381775,0.394788,0.254233,0.0326
0.7426,0.4293758,0.2,0.6276162,0.2595,0.838234,0.3994286,0.2563843,0.0306
0.74265,0.4338284,0.2,0.6425726,0.2596,0.8382905,0.4100063,0.2531388,0.0269
0.7427,0.4421303,0.2,0.6551572,0.25848,0.838347,0.4180723,0.2530302,0.0241
0.74275,0.4509824,0.2,0.6613598,0.25832,0.8384035,0.4211717,0.2555855,0.024
0.7428,0.4573828,0.2,0.6622684,0.25804,0.83846,0.4207151,0.2586747,0.025
0.74285,0.4455483,0.2,0.6654788,0.25878,0.8385165,0.4253265,0.2510637,0.028
0.7429,0.4253322,0.2,0.6699229,0.25914,0.838573,0.4328632,0.2374903,0.0319
0.74295,0.4092453,0.2,0.669983,0.25923,0.8386295,0.4365506,0.2271471,0.0359
0.743,0.3989592,0.2,0.662391,0.25999,0.838686,0.4329669,0.2232838,0.0377
0.74305,0.4035225,0.2,0.6551804,0.26186,0.8387425,0.4261264,0.2293912,0.0393
0.7431,0.4126052,0.2,0.6512584,0.26319,0.838799,0.420993,0.2369324,0.0404
0.74315,0.4155494,0.2,0.6475234,0.26327,0.8388555,0.4174442,0.2402942,0.0416
0.7432,0.4030057,0.2,0.6405529,0.26217,0.838912,0.4146891,0.2350936,0.0406
0.74325,0.3919941,0.2,0.6361088,0.26082,0.8389685,0.4136717,0.2295415,0.0364
0.7433,0.4093376,0.2,0.6419668,0.26017,0.839025,0.414423,0.2386155,0.0334
0.74335,0.4315622,0.2,0.6491154,0.25978,0.8390815,0.4154488,0.2493155,0.0281
0.7434,0.4295145,0.2,0.6488528,0.25984,0.839138,0.4156444,0.2482224,0.0258
0.74345,0.4270886,0.2,0.6476966,0.26013,0.8391945,0.4152292,0.2472435,0.0247
0.7435,0.4265653,0.2,0.6485851,0.2609,0.839251,0.4160181,0.2465863,0.0254
0.74355,0.4201894,0.2,0.6476872,0.26127,0.8393075,0.416608,0.2430972,0.0255
0.7436,0.4103468,0.2,0.6419998,0.26033,0.839364,0.4142336,0.239245,0.0266
0.74365,0.4018221,0.2,0.6302658,0.2595,0.8394205,0.406881,0.23858,0.0234
0.7437,0.3959395,0.2,0.6110786,0.25736,0.839477,0.3931633,0.2427728,0.0202
0.74375,0.3943135,0.2,0.6019889,0.25664,0.8395335,0.3864502,0.245554,0.0178
0.7438,0.4024574,0.2,0.6043563,0.256,0.83959,0.3866759,0.2497225,0.0185
0.74385,0.4186172,0.2,0.6175647,0.25827,0.8396465,0.3937397,0.2541252,0.019
0.7439,0.4302484,0.2,0.631674,0.26012,0.839703,0.4023561,0.2553065,0.02
0.74395,0.4440506,0.2,0.6443736,0.26173,0.8397595,0.4095191,0.2581457,0.0173
0.744,0.4492519,0.2,0.6473188,0.26257,0.839816,0.4108335,0.2598531,0.0151
0.74405,0.4449415,0.2,0.6474927,0.26274,0.8398725,0.4117257,0.2574614,0.0141
0.7441,0.4447605,0.2,0.6520882,0.2631,0.839929,0.4152491,0.2556407,0.0154
0.74415,0.4464928,0.2,0.6560558,0.26385,0.8399855,0.4179531,0.2551077,0.013
0.7442,0.4454594,0.2,0.6597764,0.26482,0.840042,0.4209808,0.2531475,0.0099
0.74425,0.4540404,0.2,0.6625004,0.26445,0.8400985,0.4214861,0.2568129,0.0104
0.7443,0.4436934,0.2,0.6571639,0.26341,0.840155,0.419314,0.2531464,0.0125
0.74435,0.4360909,0.2,0.6515923,0.26283,0.8402115,0.4164818,0.2509722,0.0156
0.7444,0.4502464,0.2,0.654016,0.26397,0.840268,0.4157272,0.2579044,0.0163
0.74445,0.4729057,0.2,0.6470875,0.26372,0.8403245,0.406782,0.2719463,0.018
0.7445,0.4754294,0.2,0.6374657,0.2627,0.840381,0.3992947,0.2765298,0.018
0.74455,0.4856688,0.2,0.6394686,0.26082,0.8404375,0.3992904,0.280554,0.0216
0.7446,0.4904864,0.2,0.6386732,0.26186,0.840494,0.3980399,0.2829796,0.0254
0.74465,0.505906,0.2,0.6441228,0.26415,0.8405505,0.399934,0.2877989,0.0359
0.7447,0.4942116,0.1,0.646005,0.26926,0.840607,0.4028718,0.282143,0.0469
0.74475,0.5233804,0.1,0.6537065,0.27502,0.8406635,0.4046171,0.291832,0.0615
0.7448,0.557076,0.1,0.671383,0.2814,0.84072,0.4132225,0.2991348,0.075
0.74485,0.5464818,0.1,0.6849431,0.28479,0.8407765,0.4241901,0.2911052,0.0786
0.7449,0.5430695,0.1,0.6943998,0.28362,0.840833,0.4314552,0.2868904,0.0726
0.74495,0.5252125,0.1,0.6907636,0.27826,0.8408895,0.4312373,0.2807986,0.0588
0.745,0.5014582,0.1,0.6647102,0.27113,0.840946,0.4155319,0.2790742,0.0445
0.74505,0.506319,0.1,0.6429554,0.26636,0.8410025,0.3990364,0.2883563,0.0391
0.7451,0.4975144,0.1,0.6359249,0.26466,0.841059,0.3950995,0.286966,0.0405
0.74515,0.5021586,0.1,0.6307816,0.26486,0.8411155,0.3907875,0.2906432,0.0453
0.7452,0.5090312,0.1,0.6249648,0.26491,0.841172,0.3857695,0.2953744,0.0429
0.74525,0.4871164,0.2,0.6200684,0.26512,0.8412285,0.3849851,0.2878439,0.0398
0.7453,0.494635,0.2,0.6233064,0.26489,0.841285,0.3863555,0.2899776,0.0363
0.74535,0.4848308,0.2,0.6302364,0.2648,0.8413415,0.3926687,0.2833484,0.0357
0.7454,0.4558361,0.1,0.6369486,0.26665,0.841398,0.4019354,0.2671135,0.0396
0.74545,0.4369635,0.1,0.6400858,0.27092,0.8414545,0.4075351,0.2558584,0.0477
0.7455,0.432778,0.1,0.6454736,0.27524,0.841511,0.4124223,0.2514224,0.0543
0.74555,0.4291256,0.1,0.6505098,0.27721,0.8415675,0.416997,0.2473507,0.0591
0.7456,0.4338698,0.1,0.6567093,0.27862,0.841624,0.4208424,0.2477318,0.0614
0.74565,0.4675562,0.1,0.6778682,0.28067,0.8416805,0.4307314,0.2583647,0.0648
0.7457,0.4850682,0.1,0.6954072,0.28294,0.841737,0.4409307,0.2610621,0.0697
0.74575,0.4974198,0.1,0.7040572,0.28351,0.8417935,0.4453435,0.2640969,0.0761
0.7458,0.4923986,0.1,0.7093644,0.28456,0.84185,0.4501973,0.2598949,0.0834
0.74585,0.5190997,0.1,0.7192413,0.28554,0.8419065,0.4531638,0.2690741,0.0852
0.7459,0.5148426,0.1,0.7259904,0.2872,0.841963,0.4588967,0.2649798,0.0931
0.74595,0.5065708,0.1,0.7287893,0.2863,0.8420195,0.4624053,0.2602213,0.0943
0.746,0.4791964,0.1,0.739209,0.28287,0.842076,0.4755527,0.2428999,0.0887
0.74605,0.4687676,0.1,0.7388676,0.27695,0.8421325,0.4774839,0.2373013,0.0728
0.7461,0.4595938,0.1,0.7223185,0.27014,0.842189,0.4665036,0.2380591,0.0508
0.74615,0.4541423,0.2,0.7059464,0.265,0.8422455,0.4548774,0.2409232,0.0353
0.7462,0.4447672,0.2,0.6899119,0.26257,0.842302,0.4443494,0.2414709,0.026
0.74625,0.4202122,0.2,0.6775074,0.26202,0.8423585,0.4399703,0.2312837,0.0277
0.7463,0.4244596,0.2,0.6644976,0.2614,0.842415,0.4288063,0.2390811,0.0277
0.74635,0.4277224,0.2,0.642829,0.26051,0.8424715,0.4113597,0.2495147,0.0299
0.7464,0.4223642,0.2,0.6191788,0.25963,0.842528,0.3942833,0.2556695,0.0293
0.74645,0.3996744,0.2,0.6202937,0.25834,0.8425845,0.3995549,0.2413337,0.0303
0.7465,0.4134154,0.2,0.6115162,0.25706,0.842641,0.3900872,0.2534699,0.0322
0.74655,0.4154443,0.2,0.5998755,0.25603,0.8426975,0.3808768,0.2593438,0.034
0.7466,0.4376292,0.2,0.6066653,0.2562,0.842754,0.3822695,0.2689577,0.0348
0.74665,0.459552,0.2,0.6198232,0.25871,0.8428105,0.3886463,0.2752075,0.0357
0.7467,0.4414589,0.2,0.6632845,0.26363,0.842867,0.4244254,0.2495861,0.0384
0.74675,0.4478164,0.2,0.6865364,0.26823,0.8429235,0.4411038,0.2444873,0.0374
0.7468,0.439324,0.2,0.7022764,0.26898,0.84298,0.4552073,0.233577,0.0349
0.74685,0.4461671,0.2,0.7066274,0.26622,0.8430365,0.457116,0.2360378,0.0267
0.7469,0.431585,0.2,0.693934,0.26229,0.843093,0.4503679,0.2320212,0.0214
0.74695,0.4493545,0.2,0.677932,0.26026,0.8431495,0.4341567,0.2485534,0.0172
0.747,0.443585,0.2,0.6640743,0.26005,0.843206,0.4246235,0.2504897,0.0187
0.74705,0.4643457,0.2,0.648153,0.26121,0.8432625,0.4089267,0.2673596,0.0207
0.7471,0.4477461,0.2,0.6450696,0.26151,0.843319,0.4093964,0.2598827,0.0215
0.74715,0.4311178,0.2,0.6459738,0.26206,0.8433755,0.4131219,0.2502717,0.0206
0.7472,0.409757,0.2,0.6883298,0.26273,0.843432,0.4511235,0.2200252,0.0196
0.74725,0.409958,0.2,0.7260028,0.26253,0.8434885,0.4818083,0.2048466,0.0199
0.7473,0.4051029,0.2,0.7010538,0.26167,0.843545,0.4626678,0.2115736,0.0209
0.74735,0.4209609,0.2,0.6804464,0.26125,0.8436015,0.4421255,0.2305979,0.0238
0.7474,0.4423337,0.2,0.6533088,0.26061,0.843658,0.4166236,0.2538401,0.027
0.74745,0.4656404,0.2,0.6351764,0.25847,0.8437145,0.3990733,0.2726513,0.0247
0.7475,0.465927,0.2,0.6230209,0.25613,0.843771,0.3900605,0.2771393,0.0242
0.74755,0.4522936,0.2,0.6425864,0.25622,0.8438275,0.4067456,0.2632119,0.0225
0.7476,0.4389224,0.2,0.6602705,0.25881,0.843884,0.4225988,0.2492836,0.0234
0.74765,0.4493505,0.2,0.664839,0.26159,0.8439405,0.4241233,0.2534073,0.0226
0.7477,0.4365582,0.2,0.6583902,0.26373,0.843997,0.4216114,0.2486437,0.0223
0.74775,0.4539786,0.2,0.6337982,0.26258,0.8440535,0.3998832,0.2673172,0.0218
0.7478,0.4524284,0.2,0.6253451,0.26038,0.84411,0.3938302,0.2696338,0.0208
0.74785,0.4407466,0.2,0.6748517,0.25795,0.8441665,0.4334845,0.2448075,0.0183
0.7479,0.4130184,0.2,0.6940602,0.25846,0.844223,0.4549168,0.2199237,0.0166
0.74795,0.4112596,0.2,0.6864476,0.26018,0.8442795,0.4492325,0.2218108,0.0188
0.748,0.4144975,0.2,0.7138398,0.2615,0.844336,0.4705635,0.2129699,0.0202
0.74805,0.4275806,0.2,0.7002116,0.26188,0.8443925,0.456278,0.2270645,0.0206
0.7481,0.4312848,0.2,0.6906723,0.26083,0.844449,0.4478611,0.233095,0.0194
0.74815,0.4537052,0.2,0.6776088,0.25961,0.8445055,0.4330724,0.2510833,0.0209
0.7482,0.4492256,0.2,0.678189,0.25853,0.844562,0.4343796,0.2483859,0.0178
0.74825,0.453302,0.2,0.6889783,0.25923,0.8446185,0.4418934,0.2466817,0.0149
0.7483,0.4939318,0.2,0.7114423,0.26104,0.844675,0.4515,0.2599391,0.0132
0.74835,0.5196478,0.2,0.7307122,0.26302,0.8447315,0.4616409,0.2656386,0.0154
0.7484,0.5188448,0.2,0.737535,0.26406,0.844788,0.4668937,0.2630842,0.0189
0.74845,0.469451,0.2,0.7285623,0.26346,0.8448445,0.4692916,0.2413424,0.0232
0.7485,0.4611596,0.2,0.7320941,0.26208,0.844901,0.4738288,0.2354155,0.0256
0.74855,0.5132662,0.2,0.7217388,0.25979,0.8449575,0.4559717,0.2656386,0.0262
0.7486,0.5106189,0.2,0.7180163,0.25845,0.845014,0.4536198,0.2656386,0.0255
0.74865,0.4734254,0.2,0.6940402,0.2577,0.8450705,0.4419547,0.2556672,0.026
0.7487,0.4442124,0.3,0.6810799,0.25779,0.845127,0.4376069,0.2444617,0.0282
0.74875,0.4349656,0.3,0.6926333,0.25776,0.8451835,0.4485844,0.2346022,0.031
0.7488,0.4356068,0.3,0.6936544,0.25814,0.84524,0.4492457,0.2346022,0.0312
0.74885,0.4339724,0.3,0.6944292,0.2587,0.8452965,0.4502203,0.2333052,0.033
0.7489,0.4466643,0.4,0.6794997,0.25884,0.845353,0.4358938,0.2464539,0.0395
0.74895,0.4288362,0.4,0.6746935,0.25881,0.8454095,0.4358433,0.2377811,0.0469
0.749,0.460679,0.5,0.633166,0.259,0.845466,0.398349,0.2709301,0.0612
0.74905,0.4983536,0.5,0.652095,0.25956,0.8455225,0.4067416,0.2819169,0.0768
0.7491,0.4957808,0.5,0.6487283,0.25822,0.845579,0.4046418,0.2819169,0.098
0.74915,0.4488718,0.5,0.6350357,0.25631,0.8456355,0.4016488,0.2642104,0.1044
0.7492,0.3671278,0.5,0.6100475,0.25451,0.845692,0.3988281,0.2230539,0.1052
0.74925,0.3501758,0.5,0.5790045,0.25477,0.8457485,0.3781102,0.224422,0.0972
0.7493,0.3126052,0.5,0.5675078,0.25534,0.845805,0.3789562,0.197431,0.085
0.74935,0.3028712,0.5,0.5656026,0.25634,0.8458615,0.3804403,0.1887552,0.0793
0.7494,0.3197927,0.5,0.5724177,0.25664,0.845918,0.3808856,0.2016726,0.0751
0.74945,0.362588,0.4,0.5721502,0.25688,0.8459745,0.3698331,0.2370062,0.0753
0.7495,0.3982823,0.4,0.5818527,0.25718,0.846031,0.3702651,0.2565158,0.0798
0.74955,0.4332138,0.4,0.574387,0.25699,0.8460875,0.3590827,0.279021,0.0847
0.7496,0.4304492,0.5,0.5707214,0.25535,0.846144,0.3567912,0.279021,0.0957
0.74965,0.4400764,0.5,0.5689568,0.25347,0.8462005,0.3541644,0.2845235,0.1064
0.7497,0.4873492,0.5,0.5751177,0.25252,0.846257,0.352837,0.3033177,0.1176
